review_order,question_id,job_id,content_id,core_content_code,title,source_label,topic,topic_group,domain
1,EMS2026-4-1-3-5-02,JOB-4-1-3-5-02,4.1.3.5,4.1.3.5,ICS-200 For Initial Incident Command,first50_reviewed_website_push,IS-100 and IS-200,Disaster Management,DISASTER MANAGEMENT AND SPECIAL OPERATIONS
2,EMS2026-2-1-2-4-01,JOB-2-1-2-4-01,2.1.2.4,2.1.2.4,Bariatric Airway Reserve,first50_reviewed_website_push,Airway management in bariatric patients,Resuscitation,CLINICAL ASPECTS OF EMS MEDICINE
3,EMS2026-3-1-2-1-02,JOB-3-1-2-1-02,3.1.2.1,3.1.2.1,System 1 Reasoning Trap,first50_reviewed_website_push,Clinical decision making,Quality Management,QUALITY MANAGEMENT AND RESEARCH
4,EMS2026-2-3-3-1-1-05,JOB-2-3-3-1-1-05,2.3.3.1.1,2.3.3.1.1,Stroke Mimic Glucose Check,first50_reviewed_website_push,Prehospital stroke identification and severity scales,Medical Emergencies,CLINICAL ASPECTS OF EMS MEDICINE
5,EMS2026-2-2-1-1-02,JOB-2-2-1-1-02,2.2.1.1,2.2.1.1,Penetrating Trauma Fluid Timing,first50_reviewed_website_push,Goal of minimizing scene time for severe trauma,Trauma,CLINICAL ASPECTS OF EMS MEDICINE
6,EMS2026-2-1-2-1-3-03,JOB-2-1-2-1-3-03,2.1.2.1.3,2.1.2.1.3,Correcting A Failing BVM Seal,paramedic_next_action_50,Bag-valve-mask ventilation,RESUSCITATION,CLINICAL ASPECTS OF EMS MEDICINE
7,EMS2026-1-4-4-3-04,JOB-1-4-4-3-04,1.4.4.3,1.4.4.3,Public Access Defibrillation Law Variation,first50_reviewed_website_push,Public access defibrillation (PAD),EMS System Management,MEDICAL OVERSIGHT OF EMS
8,EMS2026-1-4-4-5-06,JOB-1-4-4-5-06,1.4.4.5,1.4.4.5,Coalition Coordination During Surge,first50_reviewed_website_push,"Integration of EMS, community public resources, mental health resources, and social services",EMS System Management,MEDICAL OVERSIGHT OF EMS
9,EMS2026-3-1-1-07,JOB-3-1-1-07,3.1.1,3.1.1,PDSA Small Test Of Change,first50_reviewed_website_push,Quality Improvement Methodology Frameworks,Quality Management,QUALITY MANAGEMENT AND RESEARCH
10,EMS2026-4-4-4-04,JOB-4-4-4-04,4.4.4,4.4.4,Tactical Field Care Tradeoff,first50_reviewed_website_push,Phases of care,Tactical,DISASTER MANAGEMENT AND SPECIAL OPERATIONS
11,EMS2026-2-3-11-3-1-02,JOB-2-3-11-3-1-02,2.3.11.3.1,2.3.11.3.1,Stable Returned Traveler With Suspected VHF PPE,first50_reviewed_website_push,Viral hemorrhagic fevers,Medical Emergencies,CLINICAL ASPECTS OF EMS MEDICINE
12,EMS2026-2-1-2-2-6-03,JOB-2-1-2-2-6-03,2.1.2.2.6,2.1.2.2.6,Airway Choice After CPR Pauses,paramedic_next_action_50,Supraglottic/extraglottic airways,RESUSCITATION,CLINICAL ASPECTS OF EMS MEDICINE
13,EMS2026-1-1-1-1-1-05,JOB-1-1-1-1-1-05,1.1.1.1.1,1.1.1.1.1,Physician Field Procedure Governance,first50_reviewed_website_push,Provision of direct patient care,Medical Oversight,MEDICAL OVERSIGHT OF EMS
14,EMS2026-2-2-7-1-03,JOB-2-2-7-1-03,2.2.7.1,2.2.7.1,Severe TBI Airway Quality Dependency,first50_reviewed_website_push,Severe head injury management,Trauma,CLINICAL ASPECTS OF EMS MEDICINE
15,EMS2026-2-2-1-2-05,JOB-2-2-1-2-05,2.2.1.2,2.2.1.2,Permissive Hypotension Boundary,first50_reviewed_website_push,Management and resuscitation of multi-trauma patient,Trauma,CLINICAL ASPECTS OF EMS MEDICINE
16,EMS2026-1-1-2-5-03,JOB-1-1-2-5-03,1.1.2.5,1.1.2.5,Abandonment And Inadequate Assessment,first50_reviewed_website_push,Patient abandonment,Medical Oversight,MEDICAL OVERSIGHT OF EMS
17,EMS2026-4-2-5-1-03,JOB-4-2-5-1-03,4.2.5.1,4.2.5.1,Event Dispatch Responsibilities,first50_reviewed_website_push,Onsite public safety answering point and dispatch,Mass Gathering,DISASTER MANAGEMENT AND SPECIAL OPERATIONS
18,EMS2026-2-1-2-6-03,JOB-2-1-2-6-03,2.1.2.6,2.1.2.6,Post-Tonsillectomy Airway Priority,paramedic_next_action_50,Control of post-tonsillectomy hemorrhage,RESUSCITATION,CLINICAL ASPECTS OF EMS MEDICINE
19,EMS2026-2-3-7-3-4-04,JOB-2-3-7-3-4-04,2.3.7.3.4,2.3.7.3.4,Postpartum Hemorrhage Adjuncts,first50_reviewed_website_push,Post-partum hemorrhage,Medical Emergencies,CLINICAL ASPECTS OF EMS MEDICINE
20,EMS2026-2-4-5-5-01,JOB-2-4-5-5-01,2.4.5.5,2.4.5.5,BRUE Definition Boundary,first50_reviewed_website_push,Brief resolved unexplained event (BRUE),Special Clinical Considerations,CLINICAL ASPECTS OF EMS MEDICINE
21,EMS2026-1-5-3-01,JOB-1-5-3-01,1.5.3,1.5.3,Emergency Risk Communication Statement,first50_reviewed_website_push,Emergency risk communication,Crisis and Emergency Risk Communication,MEDICAL OVERSIGHT OF EMS
22,EMS2026-2-3-11-1-1-02,JOB-2-3-11-1-1-02,2.3.11.1.1,2.3.11.1.1,Bloodborne Exposure Route,first50_reviewed_website_push,"Contact (e.g., Norovirus, MRSA, Hep B, C)",Medical Emergencies,CLINICAL ASPECTS OF EMS MEDICINE
23,EMS2026-2-4-5-1-05,JOB-2-4-5-1-05,2.4.5.1,2.4.5.1,Pediatric Airway Program Metrics,first50_reviewed_website_push,Pediatric airway management,Special Clinical Considerations,CLINICAL ASPECTS OF EMS MEDICINE
24,EMS2026-2-1-3-1-03,JOB-2-1-3-1-03,2.1.3.1,2.1.3.1,Compensated Shock With Bleeding,paramedic_next_action_50,Recognition of shock and hypotension,RESUSCITATION,CLINICAL ASPECTS OF EMS MEDICINE
25,EMS2026-2-3-5-2-04,JOB-2-3-5-2-04,2.3.5.2,2.3.5.2,Hypoglycemia Treat-And-Release Criteria,first50_reviewed_website_push,Protocols for treat and release,Medical Emergencies,CLINICAL ASPECTS OF EMS MEDICINE
26,EMS2026-3-2-2-05,JOB-3-2-2-05,3.2.2,3.2.2,Interventional Study Identification,first50_reviewed_website_push,Epidemiology,Research,QUALITY MANAGEMENT AND RESEARCH
27,EMS2026-3-1-3-2-02,JOB-3-1-3-2-02,3.1.3.2,3.1.3.2,QI Infrastructure And Trust,first50_reviewed_website_push,Quality improvement programs,Quality Management,QUALITY MANAGEMENT AND RESEARCH
28,EMS2026-2-4-1-02,JOB-2-4-1-02,2.4.1,2.4.1,Field-Relevant POC Testing,first50_reviewed_website_push,Point of Care Testing,Special Clinical Considerations,CLINICAL ASPECTS OF EMS MEDICINE
29,EMS2026-3-1-2-2-04,JOB-3-1-2-2-04,3.1.2.2,3.1.2.2,Human Factors Safer Default,first50_reviewed_website_push,Cognitive biases,Quality Management,QUALITY MANAGEMENT AND RESEARCH
30,EMS2026-2-1-3-2-03,JOB-2-1-3-2-03,2.1.3.2,2.1.3.2,Obstructive Shock From Chest Trauma,paramedic_next_action_50,Management of hypotension and shock,RESUSCITATION,CLINICAL ASPECTS OF EMS MEDICINE
31,EMS2026-1-4-4-3-01,JOB-1-4-4-3-01,1.4.4.3,1.4.4.3,Community Intervention For CARES Outcomes,first50_reviewed_website_push,Public access defibrillation (PAD),EMS System Management,MEDICAL OVERSIGHT OF EMS
32,EMS2026-1-4-4-5-01,JOB-1-4-4-5-01,1.4.4.5,1.4.4.5,Public Health Functions In EMS Collaboration,first50_reviewed_website_push,"Integration of EMS, community public resources, mental health resources, and social services",EMS System Management,MEDICAL OVERSIGHT OF EMS
33,EMS2026-3-2-3-3-01,JOB-3-2-3-3-01,3.2.3.3,3.2.3.3,Intention-To-Treat Analysis,first50_reviewed_website_push,Data analysis,Research,QUALITY MANAGEMENT AND RESEARCH
34,EMS2026-2-3-1-1-03,JOB-2-3-1-1-03,2.3.1.1,2.3.1.1,Dyspnea Anchoring Trap,first50_reviewed_website_push,Determination of causes,Medical Emergencies,CLINICAL ASPECTS OF EMS MEDICINE
35,EMS2026-4-4-4-05,JOB-4-4-4-05,4.4.4,4.4.4,Tactical Extraction Versus Routine Care,first50_reviewed_website_push,Phases of care,Tactical,DISASTER MANAGEMENT AND SPECIAL OPERATIONS
36,EMS2026-2-1-3-3-3-02,JOB-2-1-3-3-3-02,2.1.3.3.3,2.1.3.3.3,Pediatric IO Site With Tibial Fracture,paramedic_next_action_50,Placement of intraosseous lines (adult and pediatric),RESUSCITATION,CLINICAL ASPECTS OF EMS MEDICINE
37,EMS2026-4-1-6-3-02,JOB-4-1-6-3-02,4.1.6.3,4.1.6.3,Crisis Standards Legal Boundary,first50_reviewed_website_push,Contingency and crisis standards of care,Disaster Management,DISASTER MANAGEMENT AND SPECIAL OPERATIONS
38,EMS2026-2-3-11-7-03,JOB-2-3-11-7-03,2.3.11.7,2.3.11.7,Ambulance Decontamination PPE,first50_reviewed_website_push,Cleaning and disinfection of the ambulance,Medical Emergencies,CLINICAL ASPECTS OF EMS MEDICINE
39,EMS2026-1-4-4-1-04,JOB-1-4-4-1-04,1.4.4.1,1.4.4.1,Specialty Designation Authority,first50_reviewed_website_push,Specialty hospital designations and patient transport,EMS System Management,MEDICAL OVERSIGHT OF EMS
40,EMS2026-3-2-4-5-05,JOB-3-2-4-5-05,3.2.4.5,3.2.4.5,Cost-Minimization Analysis,first50_reviewed_website_push,Cost analysis research,Research,QUALITY MANAGEMENT AND RESEARCH
41,EMS2026-1-3-4-1-1-07,JOB-1-3-4-1-1-07,1.3.4.1.1,1.3.4.1.1,Tuberculosis Exposure Program,first50_reviewed_website_push,"Regulations and standards (e.g., National Fire Protection Association [NFPA] 1582, Ryan White Act, Occupational Safety and Health Administration [OSHA] requirements, National Institute for Occupational Safety and Health [NIOSH])",EMS Personnel,MEDICAL OVERSIGHT OF EMS
42,EMS2026-2-1-4-03,JOB-2-1-4-03,2.1.4,2.1.4,Airway First In Altered Mental Status,paramedic_next_action_50,Altered Mental Status,RESUSCITATION,CLINICAL ASPECTS OF EMS MEDICINE
43,EMS2026-1-4-6-1-02,JOB-1-4-6-1-02,1.4.6.1,1.4.6.1,Alternative Destination Legal Check,first50_reviewed_website_push,Alternative destinations,EMS System Management,MEDICAL OVERSIGHT OF EMS
44,EMS2026-2-1-2-2-8-01,JOB-2-1-2-2-8-01,2.1.2.2.8,2.1.2.2.8,Prehospital Surgical Airway Indication,first50_reviewed_website_push,Cricothyroidotomy,Resuscitation,CLINICAL ASPECTS OF EMS MEDICINE
45,EMS2026-4-6-2-3-01,JOB-4-6-2-3-01,4.6.2.3,4.6.2.3,Wilderness Joint Reduction Tradeoff,first50_reviewed_website_push,"Field reduction of dislocations, subluxations, or fractures",Wilderness,DISASTER MANAGEMENT AND SPECIAL OPERATIONS
46,EMS2026-1-3-4-1-1-06,JOB-1-3-4-1-1-06,1.3.4.1.1,1.3.4.1.1,NFPA Department Physician Role,first50_reviewed_website_push,"Regulations and standards (e.g., National Fire Protection Association [NFPA] 1582, Ryan White Act, Occupational Safety and Health Administration [OSHA] requirements, National Institute for Occupational Safety and Health [NIOSH])",EMS Personnel,MEDICAL OVERSIGHT OF EMS
47,EMS2026-1-1-1-2-2-02,JOB-1-1-1-2-2-02,1.1.1.2.2,1.1.1.2.2,CQI Versus QA,first50_reviewed_website_push,Quality improvement programs,Medical Oversight,MEDICAL OVERSIGHT OF EMS
48,EMS2026-2-2-1-2-03,JOB-2-2-1-2-03,2.2.1.2,2.2.1.2,Trauma Tension Pneumothorax Priority,paramedic_next_action_50,Management and resuscitation of multi-trauma patient,TRAUMA,CLINICAL ASPECTS OF EMS MEDICINE
49,EMS2026-2-3-13-4-2-01,JOB-2-3-13-4-2-01,2.3.13.4.2,2.3.13.4.2,Decompression Sickness Mechanism,first50_reviewed_website_push,Decompression illness,Medical Emergencies,CLINICAL ASPECTS OF EMS MEDICINE
50,EMS2026-4-2-1-3-02,JOB-4-2-1-3-02,4.2.1.3,4.2.1.3,Event Treatment Facility Design,first50_reviewed_website_push,Design of event treatment facilities,Mass Gathering,DISASTER MANAGEMENT AND SPECIAL OPERATIONS
51,EMS2026-2-4-9-6-01,JOB-2-4-9-6-01,2.4.9.6,2.4.9.6,Housing Status Documentation,first50_reviewed_website_push,Housing instability,Special Clinical Considerations,CLINICAL ASPECTS OF EMS MEDICINE
52,EMS2026-2-3-1-2-04,JOB-2-3-1-2-04,2.3.1.2,2.3.1.2,Sepsis Low End-Tidal Carbon Dioxide Response,first50_reviewed_website_push,Use of capnometry and capnography waveforms in diagnosis and management,Medical Emergencies,CLINICAL ASPECTS OF EMS MEDICINE
53,EMS2026-2-3-7-2-2-03,JOB-2-3-7-2-2-03,2.3.7.2.2,2.3.7.2.2,High-Risk Delivery Resources,first50_reviewed_website_push,"High-risk delivery of a fetus (e.g., preterm delivery)",Medical Emergencies,CLINICAL ASPECTS OF EMS MEDICINE
54,EMS2026-2-2-1-5-03,JOB-2-2-1-5-03,2.2.1.5,2.2.1.5,Junctional Hemorrhage Packing,paramedic_next_action_50,Control of life-threatening hemorrhage,TRAUMA,CLINICAL ASPECTS OF EMS MEDICINE
55,EMS2026-4-2-3-05,JOB-4-2-3-05,4.2.3,4.2.3,Mass Gathering Drill Participation,first50_reviewed_website_push,Training and Drills,Mass Gathering,DISASTER MANAGEMENT AND SPECIAL OPERATIONS
56,EMS2026-4-1-7-2-1-02,JOB-4-1-7-2-1-02,4.1.7.2.1,4.1.7.2.1,Treatment Sector Function,first50_reviewed_website_push,Life-saving interventions and on-site treatment,Disaster Management,DISASTER MANAGEMENT AND SPECIAL OPERATIONS
57,EMS2026-4-2-1-5-05,JOB-4-2-1-5-05,4.2.1.5,4.2.1.5,Mass Gathering Initial Resource Report,first50_reviewed_website_push,MCI preparedness within mass gathering,Mass Gathering,DISASTER MANAGEMENT AND SPECIAL OPERATIONS
58,EMS2026-2-3-2-7-02,JOB-2-3-2-7-02,2.3.2.7,2.3.2.7,Wearable Defibrillator During CPR,first50_reviewed_website_push,Wearable cardioverter defibrillator,Medical Emergencies,CLINICAL ASPECTS OF EMS MEDICINE
59,EMS2026-4-1-7-2-1-04,JOB-4-1-7-2-1-04,4.1.7.2.1,4.1.7.2.1,Nontransporting ALS In Treatment Areas,first50_reviewed_website_push,Life-saving interventions and on-site treatment,Disaster Management,DISASTER MANAGEMENT AND SPECIAL OPERATIONS
60,EMS2026-2-2-6-02,JOB-2-2-6-02,2.2.6,2.2.6,Alkali Eye Burn Irrigation,paramedic_next_action_50,Facial and Ocular Trauma,TRAUMA,CLINICAL ASPECTS OF EMS MEDICINE
61,EMS2026-2-2-1-4-2-04,JOB-2-2-1-4-2-04,2.2.1.4.2,2.2.1.4.2,Spinal Restriction In Gunshot Wounds,legacy_locked_priority_superset_100,Gunshot wounds and ballistics,,CLINICAL ASPECTS OF EMS MEDICINE
62,EMS2026-1-2-7-02,JOB-1-2-7-02,1.2.7,1.2.7,Emergency Medical Care System Scope,legacy_locked_priority_superset_100,Regionalization of Care,,MEDICAL OVERSIGHT OF EMS
63,EMS2026-2-3-8-3-05,JOB-2-3-8-3-05,2.3.8.3,2.3.8.3,Antidote Matching in Toxic Shock,legacy_locked_priority_superset_100,Treatment with antidotes,,CLINICAL ASPECTS OF EMS MEDICINE
64,EMS2026-4-5-5-01,JOB-4-5-5-01,4.5.5,4.5.5,Equipment Staging Before Access,legacy_locked_priority_superset_100,Operational considerations,,DISASTER MANAGEMENT AND SPECIAL OPERATIONS
65,EMS2026-4-5-1-1-04,JOB-4-5-1-1-04,4.5.1.1,4.5.1.1,High-Angle Rescue Equipment Planning,legacy_locked_priority_superset_100,Rope rescue,,DISASTER MANAGEMENT AND SPECIAL OPERATIONS
66,EMS2026-2-2-8-2-03,JOB-2-2-8-2-03,2.2.8.2,2.2.8.2,Crush Release Preparation,paramedic_next_action_50,Crush injuries,TRAUMA,CLINICAL ASPECTS OF EMS MEDICINE
67,EMS2026-4-7-4-05,JOB-4-7-4-05,4.7.4,4.7.4,Mobile Integrated Health Medical Direction,legacy_locked_priority_superset_100,Medical oversight models,,DISASTER MANAGEMENT AND SPECIAL OPERATIONS
68,EMS2026-2-3-7-8-05,JOB-2-3-7-8-05,2.3.7.8,2.3.7.4,Resuscitative Hysterotomy,legacy_locked_priority_superset_100,Systems of care (including destination decisions),,CLINICAL ASPECTS OF EMS MEDICINE
69,EMS2026-2-1-2-2-4-04,JOB-2-1-2-2-4-04,2.1.2.2.4,2.1.2.2.4,Video Laryngoscopy For Team Performance,legacy_locked_priority_superset_100,Video laryngoscopy,,CLINICAL ASPECTS OF EMS MEDICINE
70,EMS2026-3-2-1-2-05,JOB-3-2-1-2-05,3.2.1.2,3.2.1.2,Exempt Review in EMS Research,legacy_locked_priority_superset_100,Role of the Institutional Review Board,,QUALITY MANAGEMENT AND RESEARCH
71,EMS2026-2-4-13-03,JOB-2-4-13-03,2.4.13,2.4.13,Names and Pronouns in Prehospital Care,legacy_locked_priority_superset_100,Gender-based Health Issues,,CLINICAL ASPECTS OF EMS MEDICINE
72,EMS2026-2-3-1-2-02,JOB-2-3-1-2-02,2.3.1.2,2.3.1.2,Capnography Drop During Ventilation,paramedic_next_action_50,Use of capnometry and capnography waveforms in diagnosis and management,MEDICAL EMERGENCIES,CLINICAL ASPECTS OF EMS MEDICINE
73,EMS2026-3-1-6-08,JOB-3-1-6-08,3.1.6,3.1.6,Equity Monitoring During Implementation,legacy_locked_priority_superset_100,Implementation Science,,QUALITY MANAGEMENT AND RESEARCH
74,EMS2026-2-2-8-1-04,JOB-2-2-8-1-04,2.2.8.1,2.2.8.1,Traumatic Amputation Stump Care,legacy_locked_priority_superset_100,Field limb amputation,,CLINICAL ASPECTS OF EMS MEDICINE
75,EMS2026-1-1-1-2-2-01,JOB-1-1-1-2-2-01,1.1.1.2.2,1.1.1.2.2,QI Versus Discipline For A Process Defect,legacy_locked_priority_superset_100,Quality improvement programs,,MEDICAL OVERSIGHT OF EMS
76,EMS2026-1-5-1-12,JOB-1-5-1-12,1.5.1,1.5.1,Public Reporting Without Misleading,legacy_locked_priority_superset_100,Public information and interacting with the media,,MEDICAL OVERSIGHT OF EMS
77,EMS2026-2-3-1-6-1-05,JOB-2-3-1-6-1-05,2.3.1.6.1,2.3.1.6.1,Pneumothorax During Air Transport,legacy_locked_priority_superset_100,Clinical diagnosis,,CLINICAL ASPECTS OF EMS MEDICINE
78,EMS2026-2-3-1-3-02,JOB-2-3-1-3-02,2.3.1.3,2.3.1.3,Ventilatory Support In COPD Exhaustion,paramedic_next_action_50,Management of respiratory distress or shortness of breath,MEDICAL EMERGENCIES,CLINICAL ASPECTS OF EMS MEDICINE
79,EMS2026-1-3-7-08,JOB-1-3-7-08,1.3.7,1.3.7,"Race, Ethnicity, And EMS Care Differences",legacy_locked_priority_superset_100,Diverse and Inclusive Workforce,,MEDICAL OVERSIGHT OF EMS
80,EMS2026-3-2-1-1-07,JOB-3-2-1-1-07,3.2.1.1,3.2.1.1,The Common Rule,legacy_locked_priority_superset_100,"Ethical frameworks (e.g., Belmont Report, Common Rule, Final Rule)",,QUALITY MANAGEMENT AND RESEARCH
81,EMS2026-4-6-2-4-02,JOB-4-6-2-4-02,4.6.2.4,4.6.2.4,Hypothermia Handling Priority,legacy_locked_priority_superset_100,Patient temperature management,,DISASTER MANAGEMENT AND SPECIAL OPERATIONS
82,EMS2026-2-4-12-1-02,JOB-2-4-12-1-02,2.4.12.1,2.4.12.1,Lift Assist Refusal Risk,legacy_locked_priority_superset_100,Lift assist calls,,CLINICAL ASPECTS OF EMS MEDICINE
83,EMS2026-1-3-6-08,JOB-1-3-6-08,1.3.6,1.3.6,Recruitment And Systemic Racism,legacy_locked_priority_superset_100,Recruitment and Retention,,MEDICAL OVERSIGHT OF EMS
84,EMS2026-2-3-1-4-01,JOB-2-3-1-4-01,2.3.1.4,2.3.1.4,CPAP For Pulmonary Edema,paramedic_next_action_50,Non-invasive positive pressure ventilation,MEDICAL EMERGENCIES,CLINICAL ASPECTS OF EMS MEDICINE
85,EMS2026-4-5-1-5-04,JOB-4-5-1-5-04,4.5.1.5,4.5.1.5,Medical Advice During Machinery Disentanglement,legacy_locked_priority_superset_100,Vehicle and machinery rescue,,DISASTER MANAGEMENT AND SPECIAL OPERATIONS
86,EMS2026-2-2-1-1-04,JOB-2-2-1-1-04,2.2.1.1,2.2.1.1,Scene Time Versus Hemorrhage Control,legacy_locked_priority_superset_100,Goal of minimizing scene time for severe trauma,,CLINICAL ASPECTS OF EMS MEDICINE
87,EMS2026-1-3-2-2-01,JOB-1-3-2-2-01,1.3.2.2,1.3.2.2,Hybrid Education For A Psychomotor Skill,legacy_locked_priority_superset_100,Education delivery models,,MEDICAL OVERSIGHT OF EMS
88,EMS2026-1-1-2-7-06,JOB-1-1-2-7-06,1.1.2.7,1.1.2.7,Risk Management Applied To Crashes,legacy_locked_priority_superset_100,Risk management,,MEDICAL OVERSIGHT OF EMS
89,EMS2026-1-3-4-1-1-02,JOB-1-3-4-1-1-02,1.3.4.1.1,1.3.4.1.1,Needlestick Exposure First Actions,legacy_locked_priority_superset_100,"Regulations and standards (e.g., National Fire Protection Association [NFPA] 1582, Ryan White Act, Occupational Safety and Health Administration [OSHA] requirements, National Institute for Occupational Safety and Health [NIOSH])",,MEDICAL OVERSIGHT OF EMS
90,EMS2026-2-3-1-6-2-01,JOB-2-3-1-6-2-01,2.3.1.6.2,2.3.1.6.2,Recurrent Tension Pneumothorax,paramedic_next_action_50,Management and related devices,MEDICAL EMERGENCIES,CLINICAL ASPECTS OF EMS MEDICINE
91,EMS2026-4-6-2-4-04,JOB-4-6-2-4-04,4.6.2.4,4.6.2.4,Field Thawing of Frostbite,legacy_locked_priority_superset_100,Patient temperature management,,DISASTER MANAGEMENT AND SPECIAL OPERATIONS
92,EMS2026-4-1-4-2-05,JOB-4-1-4-2-05,4.1.4.2,4.1.4.2,Emergency Management Assistance Compact Licensure,legacy_locked_priority_superset_100,State emergency mutual aid compacts,,DISASTER MANAGEMENT AND SPECIAL OPERATIONS
93,EMS2026-2-3-13-3-3-02,JOB-2-3-13-3-3-02,2.3.13.3.3,2.3.13.3.3,Mild Acute Mountain Sickness,legacy_locked_priority_superset_100,Field prophylaxis and treatment,,CLINICAL ASPECTS OF EMS MEDICINE
94,EMS2026-1-4-3-4-4-01,JOB-1-4-3-4-4-01,1.4.3.4.4,1.4.3.4.4,Health Privacy At A Public Scene,legacy_locked_priority_superset_100,Health Insurance Portability and Accountability Act (HIPAA),,MEDICAL OVERSIGHT OF EMS
95,EMS2026-2-3-13-4-4-01,JOB-2-3-13-4-4-01,2.3.13.4.4,2.3.13.4.4,Nitrogen Narcosis Mechanism,legacy_locked_priority_superset_100,Nitrogen narcosis,,CLINICAL ASPECTS OF EMS MEDICINE
96,EMS2026-2-3-2-6-2-02,JOB-2-3-2-6-2-02,2.3.2.6.2,2.3.2.6.2,LVAD Alarm Troubleshooting,paramedic_next_action_50,Ventricular assist devices (surgical and percutaneous),MEDICAL EMERGENCIES,CLINICAL ASPECTS OF EMS MEDICINE
97,EMS2026-2-3-1-6-2-03,JOB-2-3-1-6-2-03,2.3.1.6.2,2.3.1.6.2,Finger Thoracostomy System Requirements,legacy_locked_priority_superset_100,Management and related devices,,CLINICAL ASPECTS OF EMS MEDICINE
98,EMS2026-1-2-4-2-01,JOB-1-2-4-2-01,1.2.4.2,1.2.4.2,National EMS Clinician Levels,legacy_locked_priority_superset_100,"EMS clinician levels (EMR, EMT, AEMT, Paramedic)",,MEDICAL OVERSIGHT OF EMS
99,EMS2026-4-1-8-1-3-01,JOB-4-1-8-1-3-01,4.1.8.1.3,4.1.8.1.3,Decontamination Before Leaving the Exposure Site,legacy_locked_priority_superset_100,Personnel and patient decontamination,,DISASTER MANAGEMENT AND SPECIAL OPERATIONS
100,EMS2026-2-2-5-1-2-05,JOB-2-2-5-1-2-05,2.2.5.1.2,2.2.5.1.2,Reduction Deferred For Analgesia,legacy_locked_priority_superset_100,Joint reduction without anesthetics,,CLINICAL ASPECTS OF EMS MEDICINE
101,EMS2026-1-5-4-10,JOB-1-5-4-10,1.5.4,1.5.4,FirstNet And Voice Interoperability,legacy_locked_priority_superset_100,Communication lifecycle,,MEDICAL OVERSIGHT OF EMS
102,EMS2026-2-3-5-4-04,JOB-2-3-5-4-04,2.3.5.4,2.3.5.4,Insulin Pump Hypoglycemia,paramedic_next_action_50,Insulin pumps,MEDICAL EMERGENCIES,CLINICAL ASPECTS OF EMS MEDICINE
103,EMS2026-4-3-1-07,JOB-4-3-1-07,4.3.1,4.3.1,Emergency Incident Rehabilitation Trigger,legacy_locked_priority_superset_100,Personnel rehabilitation,,DISASTER MANAGEMENT AND SPECIAL OPERATIONS
104,EMS2026-2-3-12-3-1-04,JOB-2-3-12-3-1-04,2.3.12.3.1,2.3.12.3.1,De-Escalation By Room Setup,legacy_locked_priority_superset_100,De-escalation techniques,,CLINICAL ASPECTS OF EMS MEDICINE
105,EMS2026-2-3-13-3-1-03,JOB-2-3-13-3-1-03,2.3.13.3.1,2.3.13.3.1,Acute Mountain Sickness Recognition,legacy_locked_priority_superset_100,Protection from high altitude injury,,CLINICAL ASPECTS OF EMS MEDICINE
106,EMS2026-1-3-2-6-06,JOB-1-3-2-6-06,1.3.2.6,1.3.2.6,Remediation Matched To Defect Type,legacy_locked_priority_superset_100,Remediation and workforce re-entry,,MEDICAL OVERSIGHT OF EMS
107,EMS2026-2-4-5-6-04,JOB-2-4-5-6-04,2.4.5.6,2.4.5.6,Technology-Dependent Child Deterioration,legacy_locked_priority_superset_100,"Children with special healthcare needs (e.g., technology dependent)",,CLINICAL ASPECTS OF EMS MEDICINE
108,EMS2026-2-3-5-5-02,JOB-2-3-5-5-02,2.3.5.5,2.3.5.5,CGM Conflict With EMS Glucose,paramedic_next_action_50,Wearable glucose monitors,MEDICAL EMERGENCIES,CLINICAL ASPECTS OF EMS MEDICINE
109,EMS2026-4-1-7-3-3-01,JOB-4-1-7-3-3-01,4.1.7.3.3,4.1.7.3.3,Dynamic Triage Categories,legacy_locked_priority_superset_100,Patient tracking,,DISASTER MANAGEMENT AND SPECIAL OPERATIONS
110,EMS2026-2-1-3-3-3-04,JOB-2-1-3-3-3-04,2.1.3.3.3,2.1.3.3.3,Intraosseous Medication Delivery,legacy_locked_priority_superset_100,Placement of intraosseous lines (adult and pediatric),,CLINICAL ASPECTS OF EMS MEDICINE
111,EMS2026-2-3-13-5-1-01,JOB-2-3-13-5-1-01,2.3.13.5.1,2.3.13.5.1,Lightning Reverse Triage,legacy_locked_priority_superset_100,Reverse triage,,CLINICAL ASPECTS OF EMS MEDICINE
112,EMS2026-4-6-2-3-03,JOB-4-6-2-3-03,4.6.2.3,4.6.2.3,Wilderness Shoulder Reduction,legacy_locked_priority_superset_100,"Field reduction of dislocations, subluxations, or fractures",,DISASTER MANAGEMENT AND SPECIAL OPERATIONS
113,EMS2026-2-4-13-05,JOB-2-4-13-05,2.4.13,2.4.13,Clinically Relevant Gender-Affirming History,legacy_locked_priority_superset_100,Gender-based Health Issues,,CLINICAL ASPECTS OF EMS MEDICINE
114,EMS2026-2-3-6-1-2-02,JOB-2-3-6-1-2-02,2.3.6.1.2,2.3.6.1.2,Dialysis Fistula Hemorrhage,paramedic_next_action_50,Uncontrolled hemorrhage from shunt site,MEDICAL EMERGENCIES,CLINICAL ASPECTS OF EMS MEDICINE
115,EMS2026-4-2-1-5-01,JOB-4-2-1-5-01,4.2.1.5,4.2.1.5,Mass Gathering Escalation Risk,legacy_locked_priority_superset_100,MCI preparedness within mass gathering,,DISASTER MANAGEMENT AND SPECIAL OPERATIONS
116,EMS2026-2-1-2-2-3-01,JOB-2-1-2-2-3-01,2.1.2.2.3,2.1.2.2.3,Direct Laryngoscopy Blade Technique,legacy_locked_priority_superset_100,Direct laryngoscopy,,CLINICAL ASPECTS OF EMS MEDICINE
117,EMS2026-2-2-5-1-1-03,JOB-2-2-5-1-1-03,2.2.5.1.1,2.2.5.1.1,Improvised Splint Construction,legacy_locked_priority_superset_100,"Splinting, including use of nontraditional materials",,CLINICAL ASPECTS OF EMS MEDICINE
118,EMS2026-2-3-11-1-3-04,JOB-2-3-11-1-3-04,2.3.11.1.3,2.3.11.1.3,Measles Precautions,legacy_locked_priority_superset_100,"Airborne (e.g., measles, COVID-19, varicella, tuberculosis)",,CLINICAL ASPECTS OF EMS MEDICINE
119,EMS2026-1-4-4-2-04,JOB-1-4-4-2-04,1.4.4.2,1.4.4.2,Trauma Overtriage Tradeoff,legacy_locked_priority_superset_100,Field triage to appropriate destination,,MEDICAL OVERSIGHT OF EMS
120,EMS2026-2-3-6-2-03,JOB-2-3-6-2-03,2.3.6.2,2.3.6.2,Hyperkalemia With ECG Changes,paramedic_next_action_50,Evaluation and treatment of hyperkalemia,MEDICAL EMERGENCIES,CLINICAL ASPECTS OF EMS MEDICINE
121,EMS2026-4-1-3-3-02,JOB-4-1-3-3-02,4.1.3.3,4.1.3.3,EMS Branch Span Of Control,legacy_locked_priority_superset_100,Regional resource allocation and management,,DISASTER MANAGEMENT AND SPECIAL OPERATIONS
122,EMS2026-2-3-8-6-05,JOB-2-3-8-6-05,2.3.8.6,2.3.8.6,Envenomation Destination Planning,legacy_locked_priority_superset_100,"Bites, stings, and envenomation",,CLINICAL ASPECTS OF EMS MEDICINE
123,EMS2026-4-1-8-4-04,JOB-4-1-8-4-04,4.1.8.4,4.1.8.4,Radiological Contamination and Lifesaving Care,legacy_locked_priority_superset_100,Radiological incidents,,DISASTER MANAGEMENT AND SPECIAL OPERATIONS
124,EMS2026-4-7-3-05,JOB-4-7-3-05,4.7.3,4.7.3,Point-Of-Care Testing In Mobile Integrated Health,legacy_locked_priority_superset_100,"Resources (e.g., equipment, medications, or point-of-care testing)",,DISASTER MANAGEMENT AND SPECIAL OPERATIONS
125,EMS2026-3-2-1-2-07,JOB-3-2-1-2-07,3.2.1.2,3.2.1.2,IRB Review For Emergency Research,legacy_locked_priority_superset_100,Role of the Institutional Review Board,,QUALITY MANAGEMENT AND RESEARCH
126,EMS2026-2-3-7-1-2-02,JOB-2-3-7-1-2-02,2.3.7.1.2,2.3.7.1.2,Eclamptic Seizure Priorities,paramedic_next_action_50,Preeclampsia and eclampsia,MEDICAL EMERGENCIES,CLINICAL ASPECTS OF EMS MEDICINE
127,EMS2026-1-2-7-11,JOB-1-2-7-11,1.2.7,1.2.7,Diversion Rule With Time-Critical Exceptions,legacy_locked_priority_superset_100,Regionalization of Care,,MEDICAL OVERSIGHT OF EMS
128,EMS2026-3-1-4-1-04,JOB-3-1-4-1-04,3.1.4.1,3.1.4.1,Utstein Cardiac Arrest Dataset,legacy_locked_priority_superset_100,"Local, state, and national EMS data sources (including registries and databases)",,QUALITY MANAGEMENT AND RESEARCH
129,EMS2026-3-1-2-1-08,JOB-3-1-2-1-08,3.1.2.1,3.1.2.1,Nonconveyance Oversight,legacy_locked_priority_superset_100,Clinical decision making,,QUALITY MANAGEMENT AND RESEARCH
130,EMS2026-4-4-6-1-05,JOB-4-4-6-1-05,4.4.6.1,4.4.6.1,Tactical Medical Threat Assessment,legacy_locked_priority_superset_100,Medical threat assessment,,DISASTER MANAGEMENT AND SPECIAL OPERATIONS
131,EMS2026-1-1-2-1-02,JOB-1-1-2-1-02,1.1.2.1,1.1.2.1,Public Duty Versus Special Duty,legacy_locked_priority_superset_100,Definition of a patient,,MEDICAL OVERSIGHT OF EMS
132,EMS2026-2-3-7-1-4-02,JOB-2-3-7-1-4-02,2.3.7.1.4,2.3.7.1.4,Placenta Previa Exam Avoidance,paramedic_next_action_50,Placenta previa,MEDICAL EMERGENCIES,CLINICAL ASPECTS OF EMS MEDICINE
133,EMS2026-1-2-5-6-03,JOB-1-2-5-6-03,1.2.5.6,1.2.5.6,Interfacility Transport Responsibility,legacy_locked_priority_superset_100,Inter-facility transport,,MEDICAL OVERSIGHT OF EMS
134,EMS2026-4-5-1-2-03,JOB-4-5-1-2-03,4.5.1.2,4.5.1.2,Confined-Space Atmospheric Testing,legacy_locked_priority_superset_100,Confined space rescue,,DISASTER MANAGEMENT AND SPECIAL OPERATIONS
135,EMS2026-1-4-6-1-03,JOB-1-4-6-1-03,1.4.6.1,1.4.6.1,"Emergency Triage, Treat, And Transport Model",legacy_locked_priority_superset_100,Alternative destinations,,MEDICAL OVERSIGHT OF EMS
136,EMS2026-1-1-2-4-2-03,JOB-1-1-2-4-2-03,1.1.2.4.2,1.1.2.4.2,Capacity Defect In A Refusal,legacy_locked_priority_superset_100,Difference between capacity and competence,,MEDICAL OVERSIGHT OF EMS
137,EMS2026-1-1-2-1-06,JOB-1-1-2-1-06,1.1.2.1,1.1.2.1,Capacity Versus Competence,legacy_locked_priority_superset_100,Definition of a patient,,MEDICAL OVERSIGHT OF EMS
138,EMS2026-2-3-7-3-2-02,JOB-2-3-7-3-2-02,2.3.7.3.2,2.3.7.3.2,Shoulder Dystocia First Maneuver,paramedic_next_action_50,Shoulder dystocia,MEDICAL EMERGENCIES,CLINICAL ASPECTS OF EMS MEDICINE
139,EMS2026-2-4-6-1-05,JOB-2-4-6-1-05,2.4.6.1,2.4.6.1,Geriatric Trauma Packaging,legacy_locked_priority_superset_100,"Geriatric trauma (e.g., falls)",,CLINICAL ASPECTS OF EMS MEDICINE
140,EMS2026-2-3-2-1-3-02,JOB-2-3-2-1-3-02,2.3.2.1.3,2.3.2.1.3,STEMI Reperfusion Strategy At The Margin,legacy_locked_priority_superset_100,Prehospital administration of thrombolytics for STEMI,,CLINICAL ASPECTS OF EMS MEDICINE
141,EMS2026-2-3-11-6-2-02,JOB-2-3-11-6-2-02,2.3.11.6.2,2.3.11.6.2,Meningococcal Exposure Follow-Up,legacy_locked_priority_superset_100,Infection control liaison between hospital and EMS agency,,CLINICAL ASPECTS OF EMS MEDICINE
142,EMS2026-2-1-2-2-1-03,JOB-2-1-2-2-1-03,2.1.2.2.1,2.1.2.2.1,Continuous Tube Confirmation,legacy_locked_priority_superset_100,Devices for securing airway,,CLINICAL ASPECTS OF EMS MEDICINE
143,EMS2026-2-3-10-2-05,JOB-2-3-10-2-05,2.3.10.2,2.3.10.2,Septic Shock Perfusion Target,legacy_locked_priority_superset_100,"Management (e.g., care bundles)",,CLINICAL ASPECTS OF EMS MEDICINE
144,EMS2026-2-3-7-3-6-02,JOB-2-3-7-3-6-02,2.3.7.3.6,2.3.7.3.6,Neonatal Positive-Pressure Ventilation,paramedic_next_action_50,Neonatal resuscitation,MEDICAL EMERGENCIES,CLINICAL ASPECTS OF EMS MEDICINE
145,EMS2026-2-3-2-2-2-01,JOB-2-3-2-2-2-01,2.3.2.2.2,2.3.2.2.2,Severe Cardiogenic Pulmonary Edema,legacy_locked_priority_superset_100,Heart failure management,,CLINICAL ASPECTS OF EMS MEDICINE
146,EMS2026-4-1-4-1-03,JOB-4-1-4-1-03,4.1.4.1,4.1.4.1,Stafford Act Disaster Declaration,legacy_locked_priority_superset_100,State and federal criteria for disaster declaration,,DISASTER MANAGEMENT AND SPECIAL OPERATIONS
147,EMS2026-2-2-1-3-03,JOB-2-2-1-3-03,2.2.1.3,2.2.1.3,Unstable Pelvis Field Triage,legacy_locked_priority_superset_100,Field trauma triage criteria,,CLINICAL ASPECTS OF EMS MEDICINE
148,EMS2026-1-3-4-4-04,JOB-1-3-4-4-04,1.3.4.4,1.3.4.4,Immediate Stress Intervention,legacy_locked_priority_superset_100,Prevention and intervention for psychologically stressful events,,MEDICAL OVERSIGHT OF EMS
149,EMS2026-2-2-1-5-05,JOB-2-2-1-5-05,2.2.1.5,2.2.1.5,Anticoagulants Without Losing Hemorrhage Priorities,legacy_locked_priority_superset_100,Control of life-threatening hemorrhage,,CLINICAL ASPECTS OF EMS MEDICINE
150,EMS2026-2-3-8-3-01,JOB-2-3-8-3-01,2.3.8.3,2.3.8.3,Ventilation Before Naloxone,paramedic_next_action_50,Treatment with antidotes,MEDICAL EMERGENCIES,CLINICAL ASPECTS OF EMS MEDICINE
151,EMS2026-1-3-1-1-01,JOB-1-3-1-1-01,1.3.1.1,1.3.1.1,Scope of Practice Authority,legacy_locked_priority_superset_100,State vs. national,,MEDICAL OVERSIGHT OF EMS
152,EMS2026-1-2-5-8-06,JOB-1-2-5-8-06,1.2.5.8,1.2.5.8,Burn Transport Airway Before Departure,legacy_locked_priority_superset_100,Critical care and specialty care transport,,MEDICAL OVERSIGHT OF EMS
153,EMS2026-2-1-3-2-02,JOB-2-1-3-2-02,2.1.3.2,2.1.3.2,Anaphylactic Shock Without Rash,legacy_locked_priority_superset_100,Management of hypotension and shock,,CLINICAL ASPECTS OF EMS MEDICINE
154,EMS2026-2-4-9-1-05,JOB-2-4-9-1-05,2.4.9.1,2.4.9.1,Quarantine And Family Accompaniment,legacy_locked_priority_superset_100,Social isolation,,CLINICAL ASPECTS OF EMS MEDICINE
155,EMS2026-2-3-10-2-01,JOB-2-3-10-2-01,2.3.10.2,2.3.10.2,Prehospital Antibiotics in Septic Shock,legacy_locked_priority_superset_100,"Management (e.g., care bundles)",,CLINICAL ASPECTS OF EMS MEDICINE
156,EMS2026-2-3-8-2-5-03,JOB-2-3-8-2-5-03,2.3.8.2.5,2.3.8.2.5,Atropine Endpoint In Organophosphate Poisoning,paramedic_next_action_50,Organophosphates,MEDICAL EMERGENCIES,CLINICAL ASPECTS OF EMS MEDICINE
157,EMS2026-2-4-5-1-04,JOB-2-4-5-1-04,2.4.5.1,2.4.5.1,Pediatric Airway Program Threshold,legacy_locked_priority_superset_100,Pediatric airway management,,CLINICAL ASPECTS OF EMS MEDICINE
158,EMS2026-3-1-2-3-06,JOB-3-1-2-3-06,3.1.2.3,3.1.2.3,Why EMS Adverse Events Are Missed,legacy_locked_priority_superset_100,Adverse events,,QUALITY MANAGEMENT AND RESEARCH
159,EMS2026-1-4-5-05,JOB-1-4-5-05,1.4.5,1.4.5,System Status Management Tradeoff,legacy_locked_priority_superset_100,System Status Management,,MEDICAL OVERSIGHT OF EMS
160,EMS2026-2-3-7-2-2-02,JOB-2-3-7-2-2-02,2.3.7.2.2,2.3.7.2.2,Temporizing High-Risk Delivery,legacy_locked_priority_superset_100,"High-risk delivery of a fetus (e.g., preterm delivery)",,CLINICAL ASPECTS OF EMS MEDICINE
161,EMS2026-1-5-3-05,JOB-1-5-3-05,1.5.3,1.5.3,Repeating Risk Messages,legacy_locked_priority_superset_100,Emergency risk communication,,MEDICAL OVERSIGHT OF EMS
162,EMS2026-2-3-8-5-1-02,JOB-2-3-8-5-1-02,2.3.8.5.1,2.3.8.5.1,Toxicologic Seizure Treatment,paramedic_next_action_50,Treatment of suspected overdose,MEDICAL EMERGENCIES,CLINICAL ASPECTS OF EMS MEDICINE
163,EMS2026-2-3-1-3-01,JOB-2-3-1-3-01,2.3.1.3,2.3.1.3,Oxygen Targeting Instead Of Comfort Oxygen,legacy_locked_priority_superset_100,Management of respiratory distress or shortness of breath,,CLINICAL ASPECTS OF EMS MEDICINE
164,EMS2026-3-2-3-2-07,JOB-3-2-3-2-07,3.2.3.2,3.2.3.2,Sensitivity And Specificity,legacy_locked_priority_superset_100,Statistical tests,,QUALITY MANAGEMENT AND RESEARCH
165,EMS2026-1-5-3-08,JOB-1-5-3-08,1.5.3,1.5.3,Avoiding Overreassurance,legacy_locked_priority_superset_100,Emergency risk communication,,MEDICAL OVERSIGHT OF EMS
166,EMS2026-1-3-1-1-07,JOB-1-3-1-1-07,1.3.1.1,1.3.1.1,EMS Compact Authority,legacy_locked_priority_superset_100,State vs. national,,MEDICAL OVERSIGHT OF EMS
167,EMS2026-2-3-6-2-01,JOB-2-3-6-2-01,2.3.6.2,2.3.6.2,Missed Dialysis With Wide-Complex Bradycardia,legacy_locked_priority_superset_100,Evaluation and treatment of hyperkalemia,,CLINICAL ASPECTS OF EMS MEDICINE
168,EMS2026-2-3-10-1-03,JOB-2-3-10-1-03,2.3.10.1,2.3.10.1,Recognizing Prehospital Septic Shock,paramedic_next_action_50,Early recognition,MEDICAL EMERGENCIES,CLINICAL ASPECTS OF EMS MEDICINE
169,EMS2026-1-4-6-2-03,JOB-1-4-6-2-03,1.4.6.2,1.4.6.2,MIH Treatment-in-Place Design,legacy_locked_priority_superset_100,Treatment in place,,MEDICAL OVERSIGHT OF EMS
170,EMS2026-1-5-1-09,JOB-1-5-1-09,1.5.1,1.5.1,Risk Communication Without Repeating Rumor,legacy_locked_priority_superset_100,Public information and interacting with the media,,MEDICAL OVERSIGHT OF EMS
171,EMS2026-2-1-3-4-01,JOB-2-1-3-4-01,2.1.3.4,2.1.3.4,Blood Product Program Readiness,legacy_locked_priority_superset_100,Blood product transfusion,,CLINICAL ASPECTS OF EMS MEDICINE
172,EMS2026-1-4-4-2-03,JOB-1-4-4-2-03,1.4.4.2,1.4.4.2,Field Activation As Simultaneous Processing,legacy_locked_priority_superset_100,Field triage to appropriate destination,,MEDICAL OVERSIGHT OF EMS
173,EMS2026-4-4-6-1-02,JOB-4-4-6-1-02,4.4.6.1,4.4.6.1,Tactical Medical Threat Across Mission Phases,legacy_locked_priority_superset_100,Medical threat assessment,,DISASTER MANAGEMENT AND SPECIAL OPERATIONS
174,EMS2026-2-3-10-2-03,JOB-2-3-10-2-03,2.3.10.2,2.3.10.2,Oxygenation In Septic Shock,paramedic_next_action_50,"Management (e.g., care bundles)",MEDICAL EMERGENCIES,CLINICAL ASPECTS OF EMS MEDICINE
175,EMS2026-3-2-4-3-02,JOB-3-2-4-3-02,3.2.4.3,3.2.4.3,Outcome Measure That Matters,legacy_locked_priority_superset_100,Outcome measures,,QUALITY MANAGEMENT AND RESEARCH
176,EMS2026-4-1-4-2-06,JOB-4-1-4-2-06,4.1.4.2,4.1.4.2,Mutual Aid and Self-Deployment,legacy_locked_priority_superset_100,State emergency mutual aid compacts,,DISASTER MANAGEMENT AND SPECIAL OPERATIONS
177,EMS2026-1-3-4-3-03,JOB-1-3-4-3-03,1.3.4.3,1.3.4.3,Sleepiness Scale Interpretation,legacy_locked_priority_superset_100,Disordered sleep and work schedule,,MEDICAL OVERSIGHT OF EMS
178,EMS2026-3-2-3-1-08,JOB-3-2-3-1-08,3.2.3.1,3.2.3.1,Confidence Interval Interpretation,legacy_locked_priority_superset_100,Hypothesis testing,,QUALITY MANAGEMENT AND RESEARCH
179,EMS2026-2-1-3-3-3-05,JOB-2-1-3-3-3-05,2.1.3.3.3,2.1.3.3.3,Intraosseous Infusion Flow,legacy_locked_priority_superset_100,Placement of intraosseous lines (adult and pediatric),,CLINICAL ASPECTS OF EMS MEDICINE
180,EMS2026-2-3-11-1-3-02,JOB-2-3-11-1-3-02,2.3.11.1.3,2.3.11.1.3,Tuberculosis Airborne Precautions,paramedic_next_action_50,"Airborne (e.g., measles, COVID-19, varicella, tuberculosis)",MEDICAL EMERGENCIES,CLINICAL ASPECTS OF EMS MEDICINE
181,EMS2026-2-1-1-2-06,JOB-2-1-1-2-06,2.1.1.2,2.1.1.2,Refractory Arrest Transport Capability,second50_qi_review,Transport decisions,,CLINICAL ASPECTS OF EMS MEDICINE
182,EMS2026-2-3-13-2-1-02,JOB-2-3-13-2-1-02,2.3.13.2.1,2.3.13.2.1,Heat Exhaustion Versus Heat Stroke,second50_qi_review,Exertional heat stroke,,CLINICAL ASPECTS OF EMS MEDICINE
183,EMS2026-2-1-1-4-04,JOB-2-1-1-4-04,2.1.1.4,2.1.1.4,TOR Family Acceptability,second50_qi_review,Termination of resuscitation in the field,,CLINICAL ASPECTS OF EMS MEDICINE
184,EMS2026-2-1-1-6-03,JOB-2-1-1-6-03,2.1.1.6,2.1.1.6,POLST As Actionable Orders,second50_qi_review,Withholding resuscitation (including determination of death and applying advanced directives),,CLINICAL ASPECTS OF EMS MEDICINE
185,EMS2026-2-3-1-2-05,JOB-2-3-1-2-05,2.3.1.2,2.3.1.2,Capnography For Ventilation Monitoring,second50_qi_review,Use of capnometry and capnography waveforms in diagnosis and management,,CLINICAL ASPECTS OF EMS MEDICINE
186,EMS2026-2-3-11-5-4-4-01,JOB-2-3-11-5-4-4-01,2.3.11.5.4.4,2.3.11.5.4.4,Early Infectious-Disease Notification,paramedic_next_action_50,Alerting public health/receiving facility,MEDICAL EMERGENCIES,CLINICAL ASPECTS OF EMS MEDICINE
187,EMS2026-2-3-2-6-1-03,JOB-2-3-2-6-1-03,2.3.2.6.1,2.3.2.6.1,IABP Transport Precheck,second50_qi_review,Intra-aortic balloon pump management,,CLINICAL ASPECTS OF EMS MEDICINE
188,EMS2026-1-1-1-2-3-06,JOB-1-1-1-2-3-06,1.1.1.2.3,1.1.1.2.3,Provider-Initiated Nontransport Oversight,second50_qi_review,Determination of medical necessity in the field,,MEDICAL OVERSIGHT OF EMS
189,EMS2026-2-3-7-3-4-02,JOB-2-3-7-3-4-02,2.3.7.3.4,2.3.7.3.4,Uterine Atony Recognition,second50_qi_review,Post-partum hemorrhage,,CLINICAL ASPECTS OF EMS MEDICINE
190,EMS2026-4-7-6-2-06,JOB-4-7-6-2-06,4.7.6.2,4.7.6.2,In-Home MIH With Transport Backup,second50_qi_review,Patient care navigation,,DISASTER MANAGEMENT AND SPECIAL OPERATIONS
191,EMS2026-1-4-4-1-03,JOB-1-4-4-1-03,1.4.4.1,1.4.4.1,Certified Stroke Center With Operational Lapses,second50_qi_review,Specialty hospital designations and patient transport,,MEDICAL OVERSIGHT OF EMS
192,EMS2026-2-3-12-1-1-02,JOB-2-3-12-1-1-02,2.3.12.1.1,2.3.12.1.1,Direct Suicide Risk Questions,paramedic_next_action_50,Mood disorders,MEDICAL EMERGENCIES,CLINICAL ASPECTS OF EMS MEDICINE
193,EMS2026-2-2-3-1-01,JOB-2-2-3-1-01,2.2.3.1,2.2.3.1,Spinal Motion Restriction Indication,second50_qi_review,Spinal motion restriction,,CLINICAL ASPECTS OF EMS MEDICINE
194,EMS2026-2-3-11-6-2-01,JOB-2-3-11-6-2-01,2.3.11.6.2,2.3.11.6.2,Ryan White Infection Control Structure,second50_qi_review,Infection control liaison between hospital and EMS agency,,CLINICAL ASPECTS OF EMS MEDICINE
195,EMS2026-1-5-1-10,JOB-1-5-1-10,1.5.1,1.5.1,Patient Condition Language,second50_qi_review,Public information and interacting with the media,,MEDICAL OVERSIGHT OF EMS
196,EMS2026-2-3-13-3-1-04,JOB-2-3-13-3-1-04,2.3.13.3.1,2.3.13.3.1,High-Altitude Cerebral Edema Temporizing Medication,second50_qi_review,Protection from high altitude injury,,CLINICAL ASPECTS OF EMS MEDICINE
197,EMS2026-1-3-7-04,JOB-1-3-7-04,1.3.7,1.3.7,Workforce Equity Intervention Package,second50_qi_review,Diverse and Inclusive Workforce,,MEDICAL OVERSIGHT OF EMS
198,EMS2026-2-3-12-1-3-02,JOB-2-3-12-1-3-02,2.3.12.1.3,2.3.12.1.3,Panic Mimic Assessment,paramedic_next_action_50,"Anxiety, panic disorder, hyperventilation syndrome",MEDICAL EMERGENCIES,CLINICAL ASPECTS OF EMS MEDICINE
199,EMS2026-4-6-2-2-04,JOB-4-6-2-2-04,4.6.2.2,4.6.2.2,Impaled Object During Wilderness Evacuation,second50_qi_review,Advanced wound care,,DISASTER MANAGEMENT AND SPECIAL OPERATIONS
200,EMS2026-4-4-5-2-03,JOB-4-4-5-2-03,4.4.5.2,4.4.5.2,Airway Care Without Light,second50_qi_review,Sensory-deprived or sensory-overload physical assessment,,DISASTER MANAGEMENT AND SPECIAL OPERATIONS
201,EMS2026-1-1-1-2-3-01,JOB-1-1-1-2-3-01,1.1.1.2.3,1.1.1.2.3,Ambulance Medical Necessity,second50_qi_review,Determination of medical necessity in the field,,MEDICAL OVERSIGHT OF EMS
202,EMS2026-1-2-2-4-04,JOB-1-2-2-4-04,1.2.2.4,1.2.2.4,EMAC Mutual Aid Function,second50_qi_review,Mutual aid response,,MEDICAL OVERSIGHT OF EMS
203,EMS2026-1-3-6-10,JOB-1-3-6-10,1.3.6,1.3.6,Retention Beyond Pay,second50_qi_review,Recruitment and Retention,,MEDICAL OVERSIGHT OF EMS
204,EMS2026-2-3-12-2-03,JOB-2-3-12-2-03,2.3.12.2,2.3.12.2,Weapon Risk In Suicidal Patient,paramedic_next_action_50,Suicidal ideation,MEDICAL EMERGENCIES,CLINICAL ASPECTS OF EMS MEDICINE
205,EMS2026-1-2-5-4-05,JOB-1-2-5-4-05,1.2.5.4,1.2.5.4,Wilderness Protocol Difference,second50_qi_review,Wilderness EMS,,MEDICAL OVERSIGHT OF EMS
206,EMS2026-1-1-1-1-1-07,JOB-1-1-1-1-1-07,1.1.1.1.1,1.1.1.1.1,Physician Field Care Feedback Loop,second50_qi_review,Provision of direct patient care,,MEDICAL OVERSIGHT OF EMS
207,EMS2026-2-1-2-2-6-01,JOB-2-1-2-2-6-01,2.1.2.2.6,2.1.2.2.6,Supraglottic Airway System Role,second50_qi_review,Supraglottic/extraglottic airways,,CLINICAL ASPECTS OF EMS MEDICINE
208,EMS2026-2-2-5-1-3-04,JOB-2-2-5-1-3-04,2.2.5.1.3,2.2.5.1.3,Femoral Shaft Fracture Splint Choice,second50_qi_review,Application of traction devices,,CLINICAL ASPECTS OF EMS MEDICINE
209,EMS2026-2-3-11-6-1-05,JOB-2-3-11-6-1-05,2.3.11.6.1,2.3.11.6.1,Tuberculosis Postexposure Testing Window,second50_qi_review,"Health monitoring, post-exposure prophylaxis, and testing",,CLINICAL ASPECTS OF EMS MEDICINE
210,EMS2026-2-3-12-3-4-02,JOB-2-3-12-3-4-02,2.3.12.3.4,2.3.12.3.4,Agitated Delirium As Medical Emergency,paramedic_next_action_50,Delirium with agitated behavior,MEDICAL EMERGENCIES,CLINICAL ASPECTS OF EMS MEDICINE
211,EMS2026-4-1-5-5-02,JOB-4-1-5-5-02,4.1.5.5,4.1.5.5,Strategic Caches And Stockpiles,second50_qi_review,State and federal assets,,DISASTER MANAGEMENT AND SPECIAL OPERATIONS
212,EMS2026-4-1-7-1-01,JOB-4-1-7-1-01,4.1.7.1,4.1.7.1,When MCI Triage Is Needed,second50_qi_review,Triage,,DISASTER MANAGEMENT AND SPECIAL OPERATIONS
213,EMS2026-1-1-2-3-03,JOB-1-1-2-3-03,1.1.2.3,1.1.2.3,NAEMSP TOR Protocol Support,second50_qi_review,Determination and/or pronouncement of death,,MEDICAL OVERSIGHT OF EMS
214,EMS2026-2-1-1-2-02,JOB-2-1-1-2-02,2.1.1.2,2.1.1.2,Exceptional CPR Transport,second50_qi_review,Transport decisions,,CLINICAL ASPECTS OF EMS MEDICINE
215,EMS2026-1-5-2-10,JOB-1-5-2-10,1.5.2,1.5.2,Special Event Communications Matrix,second50_qi_review,Crisis communication,,MEDICAL OVERSIGHT OF EMS
216,EMS2026-2-3-13-1-1-02,JOB-2-3-13-1-1-02,2.3.13.1.1,2.3.13.1.1,Urban Hypothermia Assessment,paramedic_next_action_50,Hypothermia,MEDICAL EMERGENCIES,CLINICAL ASPECTS OF EMS MEDICINE
217,EMS2026-2-2-5-1-3-05,JOB-2-2-5-1-3-05,2.2.5.1.3,2.2.5.1.3,Femoral Fracture Protocol Update,second50_qi_review,Application of traction devices,,CLINICAL ASPECTS OF EMS MEDICINE
218,EMS2026-4-7-2-06,JOB-4-7-2-06,4.7.2,4.7.2,MIH Heart-Failure Education Need,second50_qi_review,Expanded role/scope of practice,,DISASTER MANAGEMENT AND SPECIAL OPERATIONS
219,EMS2026-1-5-4-04,JOB-1-5-4-04,1.5.4,1.5.4,PSAP Quality Beyond Answer Time,second50_qi_review,Communication lifecycle,,MEDICAL OVERSIGHT OF EMS
220,EMS2026-2-1-2-1-3-04,JOB-2-1-2-1-3-04,2.1.2.1.3,2.1.2.1.3,BVM Complication And Cricoid Pressure,second50_qi_review,Bag-valve-mask ventilation,,CLINICAL ASPECTS OF EMS MEDICINE
221,EMS2026-4-7-5-03,JOB-4-7-5-03,4.7.5,4.7.5,MIH Competency Evaluation,second50_qi_review,"Personnel education, certification, and credentialing",,DISASTER MANAGEMENT AND SPECIAL OPERATIONS
222,EMS2026-2-3-13-1-3-02,JOB-2-3-13-1-3-02,2.3.13.1.3,2.3.13.1.3,Gentle Handling In Moderate Hypothermia,paramedic_next_action_50,Protection from injury vs. re-warming,MEDICAL EMERGENCIES,CLINICAL ASPECTS OF EMS MEDICINE
223,EMS2026-2-3-8-4-05,JOB-2-3-8-4-05,2.3.8.4,2.3.8.4,Caustic Ingestion Oral Exam Trap,second50_qi_review,Caustic substance ingestion (including airway management),,CLINICAL ASPECTS OF EMS MEDICINE
224,EMS2026-1-1-1-2-1-06,JOB-1-1-1-2-1-06,1.1.1.2.1,1.1.1.2.1,Protocol Rollout Quality Loop,second50_qi_review,Development of medical protocols,,MEDICAL OVERSIGHT OF EMS
225,EMS2026-3-2-1-5-03,JOB-3-2-1-5-03,3.2.1.5,3.2.1.5,EFIC Eligibility Boundary,second50_qi_review,Human subjects research and vulnerable populations,,QUALITY MANAGEMENT AND RESEARCH
226,EMS2026-1-1-2-3-06,JOB-1-1-2-3-06,1.1.2.3,1.1.2.3,POLST Across Settings,second50_qi_review,Determination and/or pronouncement of death,,MEDICAL OVERSIGHT OF EMS
227,EMS2026-2-3-2-2-1-02,JOB-2-3-2-2-1-02,2.3.2.2.1,2.3.2.2.1,Volume-Overload Heart Failure Pattern,second50_qi_review,Field identification of heart failure (acute or chronic),,CLINICAL ASPECTS OF EMS MEDICINE
228,EMS2026-2-3-13-2-1-03,JOB-2-3-13-2-1-03,2.3.13.2.1,2.3.13.2.1,Cool First In Exertional Heat Stroke,paramedic_next_action_50,Exertional heat stroke,MEDICAL EMERGENCIES,CLINICAL ASPECTS OF EMS MEDICINE
229,EMS2026-1-1-2-2-09,JOB-1-1-2-2-09,1.1.2.2,1.1.2.2,Human Trafficking Training Package,second50_qi_review,Mandatory reporting,,MEDICAL OVERSIGHT OF EMS
230,EMS2026-2-3-7-6-01,JOB-2-3-7-6-01,2.3.7.6,2.3.7.6,Pregnant Trauma Monitoring Destination,second50_qi_review,Trauma in pregnancy,,CLINICAL ASPECTS OF EMS MEDICINE
231,EMS2026-2-2-1-6-01,JOB-2-2-1-6-01,2.2.1.6,2.2.1.6,Open Pneumothorax Dressing Choice,second50_qi_review,Wound care management,,CLINICAL ASPECTS OF EMS MEDICINE
232,EMS2026-3-2-2-08,JOB-3-2-2-08,3.2.2,3.2.2,Cohort Study Direction,second50_qi_review,Epidemiology,,QUALITY MANAGEMENT AND RESEARCH
233,EMS2026-4-1-1-1-03,JOB-4-1-1-1-03,4.1.1.1,4.1.1.1,ESF 8 Scope,second50_qi_review,IS-800,,DISASTER MANAGEMENT AND SPECIAL OPERATIONS
234,EMS2026-2-3-13-4-1-03,JOB-2-3-13-4-1-03,2.3.13.4.1,2.3.13.4.1,Ventilation Priority In Drowning Arrest,paramedic_next_action_50,Initial management in water,MEDICAL EMERGENCIES,CLINICAL ASPECTS OF EMS MEDICINE
235,EMS2026-3-2-4-4-02,JOB-3-2-4-4-02,3.2.4.4,3.2.4.4,CONSORT For Randomized Trials,second50_qi_review,"Reporting guidelines (e.g., PRISMA, CONSORT, STROBE)",,QUALITY MANAGEMENT AND RESEARCH
236,EMS2026-4-7-4-02,JOB-4-7-4-02,4.7.4,4.7.4,MIH Regulation Without Stifling Innovation,second50_qi_review,Medical oversight models,,DISASTER MANAGEMENT AND SPECIAL OPERATIONS
237,EMS2026-1-2-5-12-01,JOB-1-2-5-12-01,1.2.5.12,1.2.5.12,In-Flight Chest Pain Coordination,second50_qi_review,"Airline, cruise ship, and resort medical support",,MEDICAL OVERSIGHT OF EMS
238,EMS2026-1-1-1-3-05,JOB-1-1-1-3-05,1.1.1.3,1.1.1.3,Low-Frequency High-Risk Skill Maintenance,second50_qi_review,Assessment of personnel competence and fitness for duty (initial and continued),,MEDICAL OVERSIGHT OF EMS
239,EMS2026-1-1-1-3-04,JOB-1-1-1-3-04,1.1.1.3,1.1.1.3,Competency Review Interval,second50_qi_review,Assessment of personnel competence and fitness for duty (initial and continued),,MEDICAL OVERSIGHT OF EMS
240,EMS2026-2-4-5-1-03,JOB-2-4-5-1-03,2.4.5.1,2.4.5.1,Croup Treatment Without Agitation,paramedic_next_action_50,Pediatric airway management,SPECIAL CLINICAL CONSIDERATIONS,CLINICAL ASPECTS OF EMS MEDICINE
241,EMS2026-4-1-7-2-2-04,JOB-4-1-7-2-2-04,4.1.7.2.2,4.1.7.2.2,Early Redundant Tracking For Family Reunification,uncovered50_v3_source_hardened,Patient reunification,DISASTER MANAGEMENT,DISASTER MANAGEMENT AND SPECIAL OPERATIONS
242,EMS2026-1-2-4-1-05,JOB-1-2-4-1-05,1.2.4.1,1.2.4.1,Vehicle Capability Versus Ambulance Count,uncovered50_v3_source_hardened,Response and transport vehicles,EMS SYSTEMS,MEDICAL OVERSIGHT OF EMS
243,EMS2026-3-1-2-4-05,JOB-3-1-2-4-05,3.1.2.4,3.1.2.4,Just Culture Versus Disciplinary Contamination,uncovered50_v3_source_hardened,Just culture,QUALITY MANAGEMENT,QUALITY MANAGEMENT AND RESEARCH
244,EMS2026-4-1-6-4-04,JOB-4-1-6-4-04,4.1.6.4,4.1.6.4,Regional Resource Request Spillover,uncovered50_v3_source_hardened,Regional Medical Operations Coordination Centers,DISASTER MANAGEMENT,DISASTER MANAGEMENT AND SPECIAL OPERATIONS
245,EMS2026-1-4-4-4-04,JOB-1-4-4-4-04,1.4.4.4,1.4.4.4,Diversion Policy With Regional Harm Signal,uncovered50_v3_source_hardened,Hospital diversion and bypass,EMS SYSTEM MANAGEMENT,MEDICAL OVERSIGHT OF EMS
246,EMS2026-2-4-5-4-03,JOB-2-4-5-4-03,2.4.5.4,2.4.5.4,Concerning Pediatric Refusal,paramedic_next_action_50,Unique issues related to consent,SPECIAL CLINICAL CONSIDERATIONS,CLINICAL ASPECTS OF EMS MEDICINE
247,EMS2026-1-1-1-1-2-05,JOB-1-1-1-1-2-05,1.1.1.1.2,1.1.1.1.2,Online Orders Within A Written Exception Pathway,uncovered50_v3_source_hardened,Physician directed care by radio or phone,MEDICAL OVERSIGHT,MEDICAL OVERSIGHT OF EMS
248,EMS2026-2-3-11-5-2-02,JOB-2-3-11-5-2-02,2.3.11.5.2,2.3.11.5.2,Task-Based Personal Protective Equipment,uncovered50_v3_source_hardened,Standard precautions,MEDICAL EMERGENCIES,CLINICAL ASPECTS OF EMS MEDICINE
249,EMS2026-3-1-3-1-2-05,JOB-3-1-3-1-2-05,3.1.3.1.2,3.1.3.1.2,Control Chart Versus Run Chart After Intervention,uncovered50_v3_source_hardened,Graphic display tools (run chart and control chart),QUALITY MANAGEMENT,QUALITY MANAGEMENT AND RESEARCH
250,EMS2026-1-2-2-3-05,JOB-1-2-2-3-05,1.2.2.3,1.2.2.3,Determinants That Matter Only If Response Changes,uncovered50_v3_source_hardened,Tiered response,EMS SYSTEMS,MEDICAL OVERSIGHT OF EMS
251,EMS2026-4-1-2-1-05,JOB-4-1-2-1-05,4.1.2.1,4.1.2.1,NIMS Component Behind The Information Failure,uncovered50_v3_source_hardened,IS-700,DISASTER MANAGEMENT,DISASTER MANAGEMENT AND SPECIAL OPERATIONS
252,EMS2026-2-4-5-7-03,JOB-2-4-5-7-03,2.4.5.7,2.4.5.7,Safe Pediatric Ambulance Restraint,paramedic_next_action_50,Safe transport of pediatric patients,SPECIAL CLINICAL CONSIDERATIONS,CLINICAL ASPECTS OF EMS MEDICINE
253,EMS2026-2-2-2-1-05,JOB-2-2-2-1-05,2.2.2.1,2.2.2.1,Finger Thoracostomy Program Boundaries,uncovered50_v3_source_hardened,"Thoracostomy (including needle, simple, or tube)",TRAUMA,CLINICAL ASPECTS OF EMS MEDICINE
254,EMS2026-2-3-12-1-2-04,JOB-2-3-12-1-2-04,2.3.12.1.2,2.3.12.1.2,Psychosis De-Escalation With Safety Boundary,uncovered50_v3_source_hardened,Psychosis,MEDICAL EMERGENCIES,CLINICAL ASPECTS OF EMS MEDICINE
255,EMS2026-2-3-5-4-01,JOB-2-3-5-4-01,2.3.5.4,2.3.5.4,Insulin Pump And Route-Specific Hypoglycemia Care,uncovered50_v3_source_hardened,Insulin pumps,MEDICAL EMERGENCIES,CLINICAL ASPECTS OF EMS MEDICINE
256,EMS2026-2-2-3-2-04,JOB-2-2-3-2-04,2.2.3.2,2.2.3.2,Active Extrication Boundary For Spinal Motion Devices,uncovered50_v3_source_hardened,Application of backboard as extrication device,TRAUMA,CLINICAL ASPECTS OF EMS MEDICINE
257,EMS2026-1-1-2-6-05,JOB-1-1-2-6-05,1.1.2.6,1.1.2.6,Due Process Thresholds After Practice Restriction,uncovered50_v3_source_hardened,Due process,MEDICAL OVERSIGHT,MEDICAL OVERSIGHT OF EMS
258,EMS2026-2-4-6-1-03,JOB-2-4-6-1-03,2.4.6.1,2.4.6.1,Geriatric Head Injury Undertriage,paramedic_next_action_50,"Geriatric trauma (e.g., falls)",SPECIAL CLINICAL CONSIDERATIONS,CLINICAL ASPECTS OF EMS MEDICINE
259,EMS2026-1-1-1-1-3-04,JOB-1-1-1-1-3-04,1.1.1.1.3,1.1.1.1.3,Physician Field Supervision Without Role Confusion,uncovered50_v3_source_hardened,Physician directed care in person,MEDICAL OVERSIGHT,MEDICAL OVERSIGHT OF EMS
260,EMS2026-4-1-6-1-04,JOB-4-1-6-1-04,4.1.6.1,4.1.6.1,Likelihood Of Benefit In Scarce Antidote Allocation,uncovered50_v3_source_hardened,Allocation of scene resources,DISASTER MANAGEMENT,DISASTER MANAGEMENT AND SPECIAL OPERATIONS
261,EMS2026-2-1-2-6-02,JOB-2-1-2-6-02,2.1.2.6,2.1.2.6,Controlled Pressure For Post-Tonsillectomy Bleeding,uncovered50_v3_source_hardened,Control of post-tonsillectomy hemorrhage,RESUSCITATION,CLINICAL ASPECTS OF EMS MEDICINE
262,EMS2026-4-1-5-3-04,JOB-4-1-5-3-04,4.1.5.3,4.1.5.3,NGO Mass-Care Role Versus Medical Assets,uncovered50_v3_source_hardened,Non-governmental agencies,DISASTER MANAGEMENT,DISASTER MANAGEMENT AND SPECIAL OPERATIONS
263,EMS2026-2-3-7-1-5-01,JOB-2-3-7-1-5-01,2.3.7.1.5,2.3.7.1.5,First-Trimester Bleeding With Shock,uncovered50_v3_source_hardened,Spontaneous or threatened abortion,MEDICAL EMERGENCIES,CLINICAL ASPECTS OF EMS MEDICINE
264,EMS2026-2-4-6-3-04,JOB-2-4-6-3-04,2.4.6.3,2.4.6.3,Acute Delirium In Dementia,paramedic_next_action_50,Dementia or delirium,SPECIAL CLINICAL CONSIDERATIONS,CLINICAL ASPECTS OF EMS MEDICINE
265,EMS2026-3-1-3-1-1-05,JOB-3-1-3-1-1-05,3.1.3.1.1,3.1.3.1.1,Driver Diagram Parts After Fishbone Work,uncovered50_v3_source_hardened,Causal tools (fishbone and driver diagram),QUALITY MANAGEMENT,QUALITY MANAGEMENT AND RESEARCH
266,EMS2026-1-4-7-07,JOB-1-4-7-07,1.4.7,1.4.7,Choosing The MIH Model For Senior Housing,uncovered50_v3_source_hardened,Navigation to Healthcare Resources,EMS SYSTEM MANAGEMENT,MEDICAL OVERSIGHT OF EMS
267,EMS2026-1-1-1-4-07,JOB-1-1-1-4-07,1.1.1.4,1.1.1.4,Medical Director Role Boundary And Authority,uncovered50_v3_source_hardened,Medical director qualifications,MEDICAL OVERSIGHT,MEDICAL OVERSIGHT OF EMS
268,EMS2026-2-1-2-5-03,JOB-2-1-2-5-03,2.1.2.5,2.1.2.5,Ventilating A Tracheostomy Patient From Above,uncovered50_v3_source_hardened,Tracheostomy complications,RESUSCITATION,CLINICAL ASPECTS OF EMS MEDICINE
269,EMS2026-1-1-1-1-4-04,JOB-1-1-1-1-4-04,1.1.1.1.4,1.1.1.1.4,Telemedicine For A High-Risk Refusal,uncovered50_v3_source_hardened,Telemedicine,MEDICAL OVERSIGHT,MEDICAL OVERSIGHT OF EMS
270,EMS2026-2-4-7-2-02,JOB-2-4-7-2-02,2.4.7.2,2.4.7.2,Bariatric Respiratory Positioning,paramedic_next_action_50,Procedure challenges,SPECIAL CLINICAL CONSIDERATIONS,CLINICAL ASPECTS OF EMS MEDICINE
271,EMS2026-2-2-1-4-1-03,JOB-2-2-1-4-1-03,2.2.1.4.1,2.2.1.4.1,Motorcycle Mechanism At The Triage Margin,uncovered50_v3_source_hardened,Motor vehicle collisions,TRAUMA,CLINICAL ASPECTS OF EMS MEDICINE
272,EMS2026-2-1-2-2-5-04,JOB-2-1-2-2-5-04,2.1.2.2.5,2.1.2.2.5,Sedation-Only Intubation Proposal,uncovered50_v3_source_hardened,Drug assisted airway management,RESUSCITATION,CLINICAL ASPECTS OF EMS MEDICINE
273,EMS2026-1-2-1-07,JOB-1-2-1-07,1.2.1,1.2.1,All-Caller Interrogation Before Chief-Complaint Script,uncovered50_v3_source_hardened,Public Safety Answering Points,EMS SYSTEMS,MEDICAL OVERSIGHT OF EMS
274,EMS2026-3-1-4-3-05,JOB-3-1-4-3-05,3.1.4.3,3.1.4.3,Outcome Linkage Versus Event Metrics,uncovered50_v3_source_hardened,Performance measures,QUALITY MANAGEMENT,QUALITY MANAGEMENT AND RESEARCH
275,EMS2026-1-2-3-07,JOB-1-2-3-07,1.2.3,1.2.3,Lights-And-Siren Reassessment With Wake-Effect Risk,uncovered50_v3_source_hardened,Use of Lights and Siren,EMS SYSTEMS,MEDICAL OVERSIGHT OF EMS
276,EMS2026-2-4-8-1-03,JOB-2-4-8-1-03,2.4.8.1,2.4.8.1,Hospice Dyspnea Goals Of Care,paramedic_next_action_50,Hospice care,SPECIAL CLINICAL CONSIDERATIONS,CLINICAL ASPECTS OF EMS MEDICINE
277,EMS2026-2-1-1-3-04,JOB-2-1-1-3-04,2.1.1.3,2.1.1.3,Post-ROSC Cold Saline Trap,uncovered50_v3_source_hardened,Post-resuscitation care,RESUSCITATION,CLINICAL ASPECTS OF EMS MEDICINE
278,EMS2026-1-2-2-2-05,JOB-1-2-2-2-05,1.2.2.2,1.2.2.2,"Same Dispatch Code, Different Local Response",uncovered50_v3_source_hardened,"Prioritization of response (e.g., determining local needs based on local resources)",EMS SYSTEMS,MEDICAL OVERSIGHT OF EMS
279,EMS2026-1-1-2-4-1-05,JOB-1-1-2-4-1-05,1.1.2.4.1,1.1.2.4.1,Meaningful Online Oversight For Refusal,uncovered50_v3_source_hardened,Informed consent and informed refusal,MEDICAL OVERSIGHT,MEDICAL OVERSIGHT OF EMS
280,EMS2026-2-1-2-1-2-04,JOB-2-1-2-1-2-04,2.1.2.1.2,2.1.2.1.2,Oxygen Saturation Is Not Ventilation,uncovered50_v3_source_hardened,Oropharyngeal and nasopharyngeal airways,RESUSCITATION,CLINICAL ASPECTS OF EMS MEDICINE
281,EMS2026-2-1-2-2-2-04,JOB-2-1-2-2-2-04,2.1.2.2.2,2.1.2.2.2,Airway Quality Measures Beyond Success,uncovered50_v3_source_hardened,Airway management adjuncts,RESUSCITATION,CLINICAL ASPECTS OF EMS MEDICINE
282,EMS2026-2-4-9-2-02,JOB-2-4-9-2-02,2.4.9.2,2.4.9.2,Caregiver Input For Home Ventilator Alarm,paramedic_next_action_50,Family centered care,SPECIAL CLINICAL CONSIDERATIONS,CLINICAL ASPECTS OF EMS MEDICINE
283,EMS2026-1-2-2-1-05,JOB-1-2-2-1-05,1.2.2.1,1.2.2.1,Agonal Breathing As A Dispatch Failure Mode,uncovered50_v3_source_hardened,Pre-arrival instructions,EMS SYSTEMS,MEDICAL OVERSIGHT OF EMS
284,EMS2026-2-4-4-1-06,JOB-2-4-4-1-06,2.4.4.1,2.4.4.1,Fixed-Wing Motion And Fracture Pain,uncovered50_v3_source_hardened,Effect of altitude on patient management,SPECIAL CLINICAL CONSIDERATIONS,CLINICAL ASPECTS OF EMS MEDICINE
285,EMS2026-4-1-5-2-04,JOB-4-1-5-2-04,4.1.5.2,4.1.5.2,Title 32 Civil Support Team Command Status,uncovered50_v3_source_hardened,Specialized teams,DISASTER MANAGEMENT,DISASTER MANAGEMENT AND SPECIAL OPERATIONS
286,EMS2026-4-1-7-3-1-04,JOB-4-1-7-3-1-04,4.1.7.3.1,4.1.7.3.1,Nontraditional Transport For Walking Wounded,uncovered50_v3_source_hardened,Transport modes,DISASTER MANAGEMENT,DISASTER MANAGEMENT AND SPECIAL OPERATIONS
287,EMS2026-2-3-4-1-07,JOB-2-3-4-1-07,2.3.4.1,2.3.4.1,Antithrombotic Detail In Bleeding Handoff,uncovered50_v3_source_hardened,Gastrointestinal hemorrhage,MEDICAL EMERGENCIES,CLINICAL ASPECTS OF EMS MEDICINE
288,EMS2026-2-4-9-3-02,JOB-2-4-9-3-02,2.4.9.3,2.4.9.3,Bystander History During Ongoing Care,paramedic_next_action_50,Management of bystanders while caring for patient,SPECIAL CLINICAL CONSIDERATIONS,CLINICAL ASPECTS OF EMS MEDICINE
289,EMS2026-2-3-4-2-02,JOB-2-3-4-2-02,2.3.4.2,2.3.4.2,Jejunal Feeding Port Implication,uncovered50_v3_source_hardened,Gastrointestinal tube displacement,MEDICAL EMERGENCIES,CLINICAL ASPECTS OF EMS MEDICINE
290,EMS2026-2-1-1-1-04,JOB-2-1-1-1-04,2.1.1.1,2.1.1.1,Compression Pauses On Defibrillator Review,uncovered50_v3_source_hardened,General management and field resuscitation,RESUSCITATION,CLINICAL ASPECTS OF EMS MEDICINE
291,EMS2026-3-1-4-2-05,JOB-3-1-4-2-05,3.1.4.2,3.1.4.2,ePCR Architecture And Workflow Burden,uncovered50_v3_source_hardened,Information system design,QUALITY MANAGEMENT,QUALITY MANAGEMENT AND RESEARCH
292,EMS2026-2-1-2-3-04,JOB-2-1-2-3-04,2.1.2.3,2.1.2.3,Low-Light Airway Failure As Readiness Failure,uncovered50_v3_source_hardened,"Airway management in challenging conditions (e.g., low light, atypical position)",RESUSCITATION,CLINICAL ASPECTS OF EMS MEDICINE
293,EMS2026-4-1-5-1-04,JOB-4-1-5-1-04,4.1.5.1,4.1.5.1,NDMS Patient Movement Through A Federal Coordinating Center,uncovered50_v3_source_hardened,National Disaster Medical System (NDMS),DISASTER MANAGEMENT,DISASTER MANAGEMENT AND SPECIAL OPERATIONS
294,EMS2026-2-3-9-5-02,JOB-2-3-9-5-02,2.3.9.5,2.3.9.5,Blast Scene Secondary-Device Safety,paramedic_next_action_50,Explosive/Blast,MEDICAL EMERGENCIES,CLINICAL ASPECTS OF EMS MEDICINE
295,EMS2026-1-4-3-1-05,JOB-1-4-3-1-05,1.4.3.1,1.4.3.1,BLS Oversight When State Authority Is Silent,uncovered50_v3_source_hardened,Working with government and public health agencies,EMS SYSTEM MANAGEMENT,MEDICAL OVERSIGHT OF EMS
296,EMS2026-4-1-6-5-04,JOB-4-1-6-5-04,4.1.6.5,4.1.6.5,Alternate Care Facility Authority And Credentialing,uncovered50_v3_source_hardened,Alternate care facilities,DISASTER MANAGEMENT,DISASTER MANAGEMENT AND SPECIAL OPERATIONS
297,EMS2026-4-1-5-4-04,JOB-4-1-5-4-04,4.1.5.4,4.1.5.4,MRC Integration Versus Walk-In Volunteers,uncovered50_v3_source_hardened,Medical Reserve Corps,DISASTER MANAGEMENT,DISASTER MANAGEMENT AND SPECIAL OPERATIONS
298,EMS2026-2-1-1-5-04,JOB-2-1-1-5-04,2.1.1.5,2.1.1.5,Mechanical CPR At A Staffed Arrest,uncovered50_v3_source_hardened,Mechanical CPR and real-time feedback devices,RESUSCITATION,CLINICAL ASPECTS OF EMS MEDICINE
299,EMS2026-2-1-2-2-7-04,JOB-2-1-2-2-7-04,2.1.2.2.7,2.1.2.2.7,Maintaining Nasotracheal Intubation In Scope,uncovered50_v3_source_hardened,Nasal intubation,RESUSCITATION,CLINICAL ASPECTS OF EMS MEDICINE
300,EMS2026-2-3-11-3-4-02,JOB-2-3-11-3-4-02,2.3.11.3.4,2.3.11.3.4,Suspected MPox Source Control,paramedic_next_action_50,MPox,MEDICAL EMERGENCIES,CLINICAL ASPECTS OF EMS MEDICINE
301,EMS2026-1-2-4-4-02,JOB-1-2-4-4-02,1.2.4.4,1.2.4.4,Monitor Procurement Lifecycle Assessment,primary_doctrine_uncovered100,Equipment design and supply issues,EMS SYSTEMS,MEDICAL OVERSIGHT OF EMS
302,EMS2026-1-3-2-3-02,JOB-1-3-2-3-02,1.3.2.3,1.3.2.3,National EMS Core Content Versus Related National Documents,primary_doctrine_uncovered100,National EMS education standards,EMS PERSONNEL,MEDICAL OVERSIGHT OF EMS
303,EMS2026-4-4-6-4-01,JOB-4-4-6-4-01,4.4.6.4,4.4.6.4,Nerve-Agent Care Under Fire,primary_doctrine_uncovered100,Hazardous materials/clandestine drug labs,TACTICAL,DISASTER MANAGEMENT AND SPECIAL OPERATIONS
304,EMS2026-2-3-13-1-2-01,JOB-2-3-13-1-2-01,2.3.13.1.2,2.3.13.1.2,Trench Foot Versus Frostbite,primary_doctrine_uncovered100,Localized cold injuries (e.g. frostbite),MEDICAL EMERGENCIES,CLINICAL ASPECTS OF EMS MEDICINE
305,EMS2026-2-3-11-3-3-01,JOB-2-3-11-3-3-01,2.3.11.3.3,2.3.11.3.3,Pneumonic Plague Recognition,primary_doctrine_uncovered100,Plague,MEDICAL EMERGENCIES,CLINICAL ASPECTS OF EMS MEDICINE
306,EMS2026-3-2-1-4-1-01,JOB-3-2-1-4-1-01,3.2.1.4.1,3.2.1.4.1,Exception From Informed Consent Community Consultation Timing,primary_doctrine_uncovered100,Community consultation,RESEARCH,QUALITY MANAGEMENT AND RESEARCH
307,EMS2026-2-3-11-3-4-01,JOB-2-3-11-3-4-01,2.3.11.3.4,2.3.11.3.4,Mpox Lesion Suspicion,primary_doctrine_uncovered100,MPox,MEDICAL EMERGENCIES,CLINICAL ASPECTS OF EMS MEDICINE
308,EMS2026-1-2-5-9-2-02,JOB-1-2-5-9-2-02,1.2.5.9.2,1.2.5.9.2,Fixed-Wing Interfacility Evacuation,primary_doctrine_uncovered100,Fixed wing,EMS SYSTEMS,MEDICAL OVERSIGHT OF EMS
309,EMS2026-4-1-8-3-01,JOB-4-1-8-3-01,4.1.8.3,4.1.8.3,Delayed Cluster After Event,primary_doctrine_uncovered100,Biological incidents,DISASTER MANAGEMENT,DISASTER MANAGEMENT AND SPECIAL OPERATIONS
310,EMS2026-4-5-7-02,JOB-4-5-7-02,4.5.7,4.5.7,US&R Medical Team Manager Responsibilities,primary_doctrine_uncovered100,Health and medical support of a task force team,TECHNICAL RESCUE AND URBAN SEARCH AND RESCUE,DISASTER MANAGEMENT AND SPECIAL OPERATIONS
311,EMS2026-2-1-1-6-01,JOB-2-1-1-6-01,2.1.1.6,2.1.1.6,Withholding Resuscitation With Two Independent Grounds,primary_doctrine_uncovered100,Withholding resuscitation (including determination of death and applying advanced directives),RESUSCITATION,CLINICAL ASPECTS OF EMS MEDICINE
312,EMS2026-4-1-6-1-05,JOB-4-1-6-1-05,4.1.6.1,4.1.6.1,Resource Allocation Across Jurisdictions,primary_doctrine_uncovered100,Allocation of scene resources,DISASTER MANAGEMENT,DISASTER MANAGEMENT AND SPECIAL OPERATIONS
313,EMS2026-2-4-7-1-01,JOB-2-4-7-1-01,2.4.7.1,2.4.7.1,Bariatric Blood Pressure Miscuffing,primary_doctrine_uncovered100,Equipment,SPECIAL CLINICAL CONSIDERATIONS,CLINICAL ASPECTS OF EMS MEDICINE
314,EMS2026-2-1-2-2-3-05,JOB-2-1-2-2-3-05,2.1.2.2.3,2.1.2.2.3,Airway Dashboard Attempt Definitions,primary_doctrine_uncovered100,Direct laryngoscopy,RESUSCITATION,CLINICAL ASPECTS OF EMS MEDICINE
315,EMS2026-2-1-2-1-2-03,JOB-2-1-2-1-2-03,2.1.2.1.2,2.1.2.1.2,Airway Adjunct During Bag-Mask Ventilation,primary_doctrine_uncovered100,Oropharyngeal and nasopharyngeal airways,RESUSCITATION,CLINICAL ASPECTS OF EMS MEDICINE
316,EMS2026-2-2-7-2-02,JOB-2-2-7-2-02,2.2.7.2,2.2.7.2,Concussion Symptom Pattern,primary_doctrine_uncovered100,Concussion management,TRAUMA,CLINICAL ASPECTS OF EMS MEDICINE
317,EMS2026-1-2-5-7-02,JOB-1-2-5-7-02,1.2.5.7,1.2.5.7,Military Medic Transition To Civilian EMS,primary_doctrine_uncovered100,Military EMS,EMS SYSTEMS,MEDICAL OVERSIGHT OF EMS
318,EMS2026-4-6-2-1-03,JOB-4-6-2-1-03,4.6.2.1,4.6.2.1,Longer Wilderness Resuscitation Exceptions,primary_doctrine_uncovered100,Care and reassessment during prolonged evacuation,WILDERNESS,DISASTER MANAGEMENT AND SPECIAL OPERATIONS
319,EMS2026-2-4-4-1-04,JOB-2-4-4-1-04,2.4.4.1,2.4.4.1,Air Transport Cuff Pressure,primary_doctrine_uncovered100,Effect of altitude on patient management,SPECIAL CLINICAL CONSIDERATIONS,CLINICAL ASPECTS OF EMS MEDICINE
320,EMS2026-1-2-5-11-02,JOB-1-2-5-11-02,1.2.5.11,1.2.5.11,Physician-Staffed International EMS Model,primary_doctrine_uncovered100,International EMS,EMS SYSTEMS,MEDICAL OVERSIGHT OF EMS
321,EMS2026-4-1-3-1-02,JOB-4-1-3-1-02,4.1.3.1,4.1.3.1,Incident Command Logistics Section,primary_doctrine_uncovered100,Integration of medical operations,DISASTER MANAGEMENT,DISASTER MANAGEMENT AND SPECIAL OPERATIONS
322,EMS2026-2-3-11-2-02,JOB-2-3-11-2-02,2.3.11.2,2.3.11.2,MDRO Transport Precaution Category,primary_doctrine_uncovered100,Multi-Drug-Resistant Organisms (MDROs),MEDICAL EMERGENCIES,CLINICAL ASPECTS OF EMS MEDICINE
323,EMS2026-2-3-7-1-4-01,JOB-2-3-7-1-4-01,2.3.7.1.4,2.3.7.1.4,Placenta Previa Versus Abruption,primary_doctrine_uncovered100,Placenta previa,MEDICAL EMERGENCIES,CLINICAL ASPECTS OF EMS MEDICINE
324,EMS2026-2-4-9-6-04,JOB-2-4-9-6-04,2.4.9.6,2.4.9.6,Housing Instability Program Metrics,primary_doctrine_uncovered100,Housing instability,SPECIAL CLINICAL CONSIDERATIONS,CLINICAL ASPECTS OF EMS MEDICINE
325,EMS2026-3-1-5-1-02,JOB-3-1-5-1-02,3.1.5.1,3.1.5.1,Reproducible Systematic Review,primary_doctrine_uncovered100,Systematic literature reviews with or without meta-analyses,QUALITY MANAGEMENT,QUALITY MANAGEMENT AND RESEARCH
326,EMS2026-2-1-1-5-02,JOB-2-1-1-5-02,2.1.1.5,2.1.1.5,Mechanical CPR Deployment Decision,primary_doctrine_uncovered100,Mechanical CPR and real-time feedback devices,RESUSCITATION,CLINICAL ASPECTS OF EMS MEDICINE
327,EMS2026-2-4-7-1-03,JOB-2-4-7-1-03,2.4.7.1,2.4.7.1,Bariatric-Specific Access Equipment Sizing,primary_doctrine_uncovered100,Equipment,SPECIAL CLINICAL CONSIDERATIONS,CLINICAL ASPECTS OF EMS MEDICINE
328,EMS2026-4-1-8-6-3-04,JOB-4-1-8-6-3-04,4.1.8.6.3,4.1.8.6.3,USAR Hazard Control Plus Crush Risk,primary_doctrine_uncovered100,Integration with search and rescue,DISASTER MANAGEMENT,DISASTER MANAGEMENT AND SPECIAL OPERATIONS
329,EMS2026-3-2-4-2-02,JOB-3-2-4-2-02,3.2.4.2,3.2.4.2,Case Series Causal Inference,primary_doctrine_uncovered100,"Observational studies (e.g., cohort, case control, case series, case report)",RESEARCH,QUALITY MANAGEMENT AND RESEARCH
330,EMS2026-1-3-2-3-06,JOB-1-3-2-3-06,1.3.2.3,1.3.2.3,Medical Director Education Approval Standard,primary_doctrine_uncovered100,National EMS education standards,EMS PERSONNEL,MEDICAL OVERSIGHT OF EMS
331,EMS2026-2-3-2-6-2-03,JOB-2-3-2-6-2-03,2.3.2.6.2,2.3.2.6.2,Low-Flow Ventricular Assist Device Alarm,primary_doctrine_uncovered100,Ventricular assist devices (surgical and percutaneous),MEDICAL EMERGENCIES,CLINICAL ASPECTS OF EMS MEDICINE
332,EMS2026-1-2-5-9-1-02,JOB-1-2-5-9-1-02,1.2.5.9.1,1.2.5.9.1,Rotor-Wing Transport Utilization Decision,primary_doctrine_uncovered100,Rotor wing,EMS SYSTEMS,MEDICAL OVERSIGHT OF EMS
333,EMS2026-4-1-6-2-02,JOB-4-1-6-2-02,4.1.6.2,4.1.6.2,NIMS Credentialing Deployment Authorization,primary_doctrine_uncovered100,Personnel credentialing issues,DISASTER MANAGEMENT,DISASTER MANAGEMENT AND SPECIAL OPERATIONS
334,EMS2026-2-3-11-1-2-01,JOB-2-3-11-1-2-01,2.3.11.1.2,2.3.11.1.2,Droplet Precaution Boundary,primary_doctrine_uncovered100,"Droplet (e.g., Influenza, mumps, meningococcal)",MEDICAL EMERGENCIES,CLINICAL ASPECTS OF EMS MEDICINE
335,EMS2026-2-2-4-1-02,JOB-2-2-4-1-02,2.2.4.1,2.2.4.1,Burn Eschar Monitoring,primary_doctrine_uncovered100,Escharotomy,TRAUMA,CLINICAL ASPECTS OF EMS MEDICINE
336,EMS2026-2-3-8-2-2-04,JOB-2-3-8-2-2-04,2.3.8.2.2,2.3.8.2.2,Cyanide Gas Decontamination,primary_doctrine_uncovered100,Cyanide,MEDICAL EMERGENCIES,CLINICAL ASPECTS OF EMS MEDICINE
337,EMS2026-1-2-4-3-06,JOB-1-2-4-3-06,1.2.4.3,1.2.4.3,Public Utility Model Distinguishing Feature,primary_doctrine_uncovered100,Service delivery models,EMS SYSTEMS,MEDICAL OVERSIGHT OF EMS
338,EMS2026-3-2-3-1-02,JOB-3-2-3-1-02,3.2.3.1,3.2.3.1,Alternative Hypothesis,primary_doctrine_uncovered100,Hypothesis testing,RESEARCH,QUALITY MANAGEMENT AND RESEARCH
339,EMS2026-2-1-2-2-1-05,JOB-2-1-2-2-1-05,2.1.2.2.1,2.1.2.2.1,Handoff After Supraglottic Airway Placement,primary_doctrine_uncovered100,Devices for securing airway,RESUSCITATION,CLINICAL ASPECTS OF EMS MEDICINE
340,EMS2026-2-2-8-2-02,JOB-2-2-8-2-02,2.2.8.2,2.2.8.2,Crush Syndrome Risk Estimation,primary_doctrine_uncovered100,Crush injuries,TRAUMA,CLINICAL ASPECTS OF EMS MEDICINE
341,EMS2026-3-1-4-2-06,JOB-3-1-4-2-06,3.1.4.2,3.1.4.2,EMS Information-System Linkage,primary_doctrine_uncovered100,Information system design,QUALITY MANAGEMENT,QUALITY MANAGEMENT AND RESEARCH
342,EMS2026-2-1-3-3-3-03,JOB-2-1-3-3-3-03,2.1.3.3.3,2.1.3.3.3,Pediatric IO After Failed IV Attempts,primary_doctrine_uncovered100,Placement of intraosseous lines (adult and pediatric),RESUSCITATION,CLINICAL ASPECTS OF EMS MEDICINE
343,EMS2026-4-7-5-05,JOB-4-7-5-05,4.7.5,4.7.5,Certification Is Not An Outcome Measure,primary_doctrine_uncovered100,"Personnel education, certification, and credentialing",MOBILE INTEGRATED HEALTHCARE / COMMUNITY PARAMEDICINE,DISASTER MANAGEMENT AND SPECIAL OPERATIONS
344,EMS2026-1-2-5-5-02,JOB-1-2-5-5-02,1.2.5.5,1.2.5.5,Volunteer System Outgrowing Capacity,primary_doctrine_uncovered100,Volunteer EMS,EMS SYSTEMS,MEDICAL OVERSIGHT OF EMS
345,EMS2026-2-3-10-1-02,JOB-2-3-10-1-02,2.3.10.1,2.3.10.1,Septic Shock Mixed Physiology,primary_doctrine_uncovered100,Early recognition,MEDICAL EMERGENCIES,CLINICAL ASPECTS OF EMS MEDICINE
346,EMS2026-2-3-11-3-2-01,JOB-2-3-11-3-2-01,2.3.11.3.2,2.3.11.3.2,Single Suspected Smallpox Case,primary_doctrine_uncovered100,Smallpox,MEDICAL EMERGENCIES,CLINICAL ASPECTS OF EMS MEDICINE
347,EMS2026-2-3-2-5-02,JOB-2-3-2-5-02,2.3.2.5,2.3.2.5,Field Tamponade Assessment,primary_doctrine_uncovered100,Pericardiocentesis with or without ultrasound or other guidance device,MEDICAL EMERGENCIES,CLINICAL ASPECTS OF EMS MEDICINE
348,EMS2026-1-2-5-10-02,JOB-1-2-5-10-02,1.2.5.10,1.2.5.10,Tribal EMS Workload Accounting,primary_doctrine_uncovered100,Tribal EMS,EMS SYSTEMS,MEDICAL OVERSIGHT OF EMS
349,EMS2026-3-1-5-2-02,JOB-3-1-5-2-02,3.1.5.2,3.1.5.2,Guideline Applicability Domain,primary_doctrine_uncovered100,Evidence-based guidelines,QUALITY MANAGEMENT,QUALITY MANAGEMENT AND RESEARCH
350,EMS2026-1-4-2-3-06,JOB-1-4-2-3-06,1.4.2.3,1.4.2.3,Treat-In-Place Break-Even Analysis,primary_doctrine_uncovered100,Reimbursement,EMS SYSTEM MANAGEMENT,MEDICAL OVERSIGHT OF EMS
351,EMS2026-2-3-2-3-03,JOB-2-3-2-3-03,2.3.2.3,2.3.2.3,Hypertensive Pulmonary Edema Treatment Escalation,live400_duplicate_replacement_20260707,Sympathetic crashing acute pulmonary edema (SCAPE),MEDICAL EMERGENCIES,CLINICAL ASPECTS OF EMS MEDICINE
352,EMS2026-3-2-4-1-02,JOB-3-2-4-1-02,3.2.4.1,3.2.4.1,Cluster Randomization In EMS,primary_doctrine_uncovered100,"Clinical trials (e.g., randomized controlled trial)",RESEARCH,QUALITY MANAGEMENT AND RESEARCH
353,EMS2026-4-6-1-06,JOB-4-6-1-06,4.6.1,4.6.1,Wilderness Oversight For Prolonged Field Care,primary_doctrine_uncovered100,Patient care in an austere setting,WILDERNESS,DISASTER MANAGEMENT AND SPECIAL OPERATIONS
354,EMS2026-1-3-4-1-2-01,JOB-1-3-4-1-2-01,1.3.4.1.2,1.3.4.1.2,Ergonomic Risk In EMS,primary_doctrine_uncovered100,Ergonomic factors,EMS PERSONNEL,MEDICAL OVERSIGHT OF EMS
355,EMS2026-4-2-2-2-05,JOB-4-2-2-2-05,4.2.2.2,4.2.2.2,Mobile Physician At Large Event,primary_doctrine_uncovered100,Physician role,MASS GATHERING,DISASTER MANAGEMENT AND SPECIAL OPERATIONS
356,EMS2026-4-1-3-2-02,JOB-4-1-3-2-02,4.1.3.2,4.1.3.2,Escalating Beyond Local Resources,primary_doctrine_uncovered100,"Local, state, federal assets",DISASTER MANAGEMENT,DISASTER MANAGEMENT AND SPECIAL OPERATIONS
357,EMS2026-1-3-1-3-02,JOB-1-3-1-3-02,1.3.1.3,1.3.1.3,Competence Beyond Skill Checkoffs,primary_doctrine_uncovered100,Roles and psychomotor skills,EMS PERSONNEL,MEDICAL OVERSIGHT OF EMS
358,EMS2026-3-2-1-3-02,JOB-3-2-1-3-02,3.2.1.3,3.2.1.3,Consent Pressure During EMS Research,primary_doctrine_uncovered100,Informed consent,RESEARCH,QUALITY MANAGEMENT AND RESEARCH
359,EMS2026-4-1-6-5-02,JOB-4-1-6-5-02,4.1.6.5,4.1.6.5,External Clinicians At Alternate Care Sites,primary_doctrine_uncovered100,Alternate care facilities,DISASTER MANAGEMENT,DISASTER MANAGEMENT AND SPECIAL OPERATIONS
360,EMS2026-1-1-1-2-3-05,JOB-1-1-1-2-3-05,1.1.1.2.3,1.1.1.2.3,Safety Evidence For Nontransport Pathways,primary_doctrine_uncovered100,Determination of medical necessity in the field,MEDICAL OVERSIGHT,MEDICAL OVERSIGHT OF EMS
361,EMS2026-1-2-4-2-06,JOB-1-2-4-2-06,1.2.4.2,1.2.4.2,Licensure After National Certification,primary_doctrine_uncovered100,"EMS clinician levels (EMR, EMT, AEMT, Paramedic)",EMS SYSTEMS,MEDICAL OVERSIGHT OF EMS
362,EMS2026-1-2-4-3-02,JOB-1-2-4-3-02,1.2.4.3,1.2.4.3,Choosing An EMS Delivery Model,primary_doctrine_uncovered100,Service delivery models,EMS SYSTEMS,MEDICAL OVERSIGHT OF EMS
363,EMS2026-2-3-11-4-2-02,JOB-2-3-11-4-2-02,2.3.11.4.2,2.3.11.4.2,Pandemic Threat Transition,primary_doctrine_uncovered100,Pandemics,MEDICAL EMERGENCIES,CLINICAL ASPECTS OF EMS MEDICINE
364,EMS2026-1-3-4-1-1-04,JOB-1-3-4-1-1-04,1.3.4.1.1,1.3.4.1.1,Ryan White Act Exposure Notification,primary_doctrine_uncovered100,"Regulations and standards (e.g., National Fire Protection Association [NFPA] 1582, Ryan White Act, Occupational Safety and Health Administration [OSHA] requirements, National Institute for Occupational Safety and Health [NIOSH])",EMS PERSONNEL,MEDICAL OVERSIGHT OF EMS
365,EMS2026-3-2-4-1-06,JOB-3-2-4-1-06,3.2.4.1,3.2.4.1,Multi-Arm Clinical Trial Design,primary_doctrine_uncovered100,"Clinical trials (e.g., randomized controlled trial)",RESEARCH,QUALITY MANAGEMENT AND RESEARCH
366,EMS2026-1-3-1-2-02,JOB-1-3-1-2-02,1.3.1.2,1.3.1.2,Clinician Level And Education Scope,primary_doctrine_uncovered100,Levels of EMS clinicians,EMS PERSONNEL,MEDICAL OVERSIGHT OF EMS
367,EMS2026-2-3-7-7-01,JOB-2-3-7-7-01,2.3.7.7,2.3.7.7,Gynecologic Complaint In A Child,primary_doctrine_uncovered100,"Gynecologic emergencies (e.g., ovarian torsion)",MEDICAL EMERGENCIES,CLINICAL ASPECTS OF EMS MEDICINE
368,EMS2026-2-3-8-2-6-02,JOB-2-3-8-2-6-02,2.3.8.2.6,2.3.8.2.6,Phosgene Latent Pulmonary Edema,primary_doctrine_uncovered100,Phosgene,MEDICAL EMERGENCIES,CLINICAL ASPECTS OF EMS MEDICINE
369,EMS2026-2-4-5-6-01,JOB-2-4-5-6-01,2.4.5.6,2.4.5.6,Special Health Care Needs Beyond Technology,primary_doctrine_uncovered100,"Children with special healthcare needs (e.g., technology dependent)",SPECIAL CLINICAL CONSIDERATIONS,CLINICAL ASPECTS OF EMS MEDICINE
370,EMS2026-1-3-2-1-02,JOB-1-3-2-1-02,1.3.2.1,1.3.2.1,Adult Learner Relevance,primary_doctrine_uncovered100,Theories of adult learning,EMS PERSONNEL,MEDICAL OVERSIGHT OF EMS
371,EMS2026-4-1-3-1-03,JOB-4-1-3-1-03,4.1.3.1,4.1.3.1,When To Create An EMS Branch,primary_doctrine_uncovered100,Integration of medical operations,DISASTER MANAGEMENT,DISASTER MANAGEMENT AND SPECIAL OPERATIONS
372,EMS2026-1-2-5-1-02,JOB-1-2-5-1-02,1.2.5.1,1.2.5.1,Urban Overlap And Coordination,primary_doctrine_uncovered100,Urban EMS,EMS SYSTEMS,MEDICAL OVERSIGHT OF EMS
373,EMS2026-1-4-7-02,JOB-1-4-7-02,1.4.7,1.4.7,Telephone Advice As Navigation,primary_doctrine_uncovered100,Navigation to Healthcare Resources,EMS SYSTEM MANAGEMENT,MEDICAL OVERSIGHT OF EMS
374,EMS2026-4-1-5-4-02,JOB-4-1-5-4-02,4.1.5.4,4.1.5.4,Medical Reserve Corps Role,primary_doctrine_uncovered100,Medical Reserve Corps,DISASTER MANAGEMENT,DISASTER MANAGEMENT AND SPECIAL OPERATIONS
375,EMS2026-1-2-5-3-01,JOB-1-2-5-3-01,1.2.5.3,1.2.5.3,Rural Ambulance Coverage Tradeoff,primary_doctrine_uncovered100,Rural and frontier EMS,EMS SYSTEMS,MEDICAL OVERSIGHT OF EMS
376,EMS2026-2-3-11-4-1-01,JOB-2-3-11-4-1-01,2.3.11.4.1,2.3.11.4.1,Avian Influenza Exposure Context,primary_doctrine_uncovered100,"Novel respiratory viruses (e.g., H5N1, MERS, COVID-19)",MEDICAL EMERGENCIES,CLINICAL ASPECTS OF EMS MEDICINE
377,EMS2026-2-3-1-5-01,JOB-2-3-1-5-01,2.3.1.5,2.3.1.5,Portable Ventilator Indication,primary_doctrine_uncovered100,Portable ventilator management,MEDICAL EMERGENCIES,CLINICAL ASPECTS OF EMS MEDICINE
378,EMS2026-1-4-4-2-07,JOB-1-4-4-2-07,1.4.4.2,1.4.4.2,Mass-Casualty Destination Decisions,primary_doctrine_uncovered100,Field triage to appropriate destination,EMS SYSTEM MANAGEMENT,MEDICAL OVERSIGHT OF EMS
379,EMS2026-1-4-2-1-04,JOB-1-4-2-1-04,1.4.2.1,1.4.2.1,Marginal Cost At Capacity,primary_doctrine_uncovered100,Allocation of resources,EMS SYSTEM MANAGEMENT,MEDICAL OVERSIGHT OF EMS
380,EMS2026-2-3-13-4-5-02,JOB-2-3-13-4-5-02,2.3.13.4.5,2.3.13.4.5,Seizure During Deep Technical Dive,live400_duplicate_replacement_20260707,Oxygen toxicity,MEDICAL EMERGENCIES,CLINICAL ASPECTS OF EMS MEDICINE
381,EMS2026-1-2-6-03,JOB-1-2-6-03,1.2.6,1.2.6,Communications System Mission,primary_doctrine_uncovered100,Communications Systems,EMS SYSTEMS,MEDICAL OVERSIGHT OF EMS
382,EMS2026-2-2-5-1-4-05,JOB-2-2-5-1-4-05,2.2.5.1.4,2.2.5.1.4,Open Fracture Antibiotics After Stabilization,primary_doctrine_uncovered100,Administration of antibiotics,TRAUMA,CLINICAL ASPECTS OF EMS MEDICINE
383,EMS2026-2-1-2-3-03,JOB-2-1-2-3-03,2.1.2.3,2.1.2.3,Trapped Upright Airway Priority,primary_doctrine_uncovered100,"Airway management in challenging conditions (e.g., low light, atypical position)",RESUSCITATION,CLINICAL ASPECTS OF EMS MEDICINE
384,EMS2026-1-2-5-7-01,JOB-1-2-5-7-01,1.2.5.7,1.2.5.7,Helicopter Emergency Medical Services Origins,primary_doctrine_uncovered100,Military EMS,EMS SYSTEMS,MEDICAL OVERSIGHT OF EMS
385,EMS2026-1-4-8-09,JOB-1-4-8-09,1.4.8,1.4.8,Advocacy Framed For The Audience,primary_doctrine_uncovered100,Advocacy for EMS Systems,EMS SYSTEM MANAGEMENT,MEDICAL OVERSIGHT OF EMS
386,EMS2026-2-3-11-6-3-01,JOB-2-3-11-6-3-01,2.3.11.6.3,2.3.11.6.3,Isolation Versus Quarantine,primary_doctrine_uncovered100,Quarantine and isolation,MEDICAL EMERGENCIES,CLINICAL ASPECTS OF EMS MEDICINE
387,EMS2026-4-1-7-3-2-01,JOB-4-1-7-3-2-01,4.1.7.3.2,4.1.7.3.2,Mass-Casualty Incident Destination Distribution,primary_doctrine_uncovered100,Destination,DISASTER MANAGEMENT,DISASTER MANAGEMENT AND SPECIAL OPERATIONS
388,EMS2026-1-2-5-2-02,JOB-1-2-5-2-02,1.2.5.2,1.2.5.2,Suburban First Response Design,primary_doctrine_uncovered100,Suburban EMS,EMS SYSTEMS,MEDICAL OVERSIGHT OF EMS
389,EMS2026-3-1-5-1-01,JOB-3-1-5-1-01,3.1.5.1,3.1.5.1,Systematic Review Versus Narrative Review,primary_doctrine_uncovered100,Systematic literature reviews with or without meta-analyses,QUALITY MANAGEMENT,QUALITY MANAGEMENT AND RESEARCH
390,EMS2026-2-2-5-1-4-02,JOB-2-2-5-1-4-02,2.2.5.1.4,2.2.5.1.4,Severe Open Fracture Antibiotic Coverage,primary_doctrine_uncovered100,Administration of antibiotics,TRAUMA,CLINICAL ASPECTS OF EMS MEDICINE
391,EMS2026-1-3-4-3-08,JOB-1-3-4-3-08,1.3.4.3,1.3.4.3,Emergency Medical Services Fatigue Risk Management,primary_doctrine_uncovered100,Disordered sleep and work schedule,EMS PERSONNEL,MEDICAL OVERSIGHT OF EMS
392,EMS2026-4-7-5-02,JOB-4-7-5-02,4.7.5,4.7.5,Training Scope For Mobile Integrated Health Care,primary_doctrine_uncovered100,"Personnel education, certification, and credentialing",MOBILE INTEGRATED HEALTHCARE / COMMUNITY PARAMEDICINE,DISASTER MANAGEMENT AND SPECIAL OPERATIONS
393,EMS2026-2-4-9-4-05,JOB-2-4-9-4-05,2.4.9.4,2.4.9.4,Death Notification Statement,primary_doctrine_uncovered100,Delivering bad news,SPECIAL CLINICAL CONSIDERATIONS,CLINICAL ASPECTS OF EMS MEDICINE
394,EMS2026-2-3-3-1-1-04,JOB-2-3-3-1-1-04,2.3.3.1.1,2.3.3.1.1,Prehospital Large Vessel Occlusion Screen,primary_doctrine_uncovered100,Prehospital stroke identification and severity scales,MEDICAL EMERGENCIES,CLINICAL ASPECTS OF EMS MEDICINE
395,EMS2026-2-3-12-1-2-02,JOB-2-3-12-1-2-02,2.3.12.1.2,2.3.12.1.2,Violence Risk In Psychosis,primary_doctrine_uncovered100,Psychosis,MEDICAL EMERGENCIES,CLINICAL ASPECTS OF EMS MEDICINE
396,EMS2026-4-1-8-5-01,JOB-4-1-8-5-01,4.1.8.5,4.1.8.5,Nuclear Detonation Early Casualty Pattern,primary_doctrine_uncovered100,Nuclear incidents,DISASTER MANAGEMENT,DISASTER MANAGEMENT AND SPECIAL OPERATIONS
397,EMS2026-4-1-8-2-01,JOB-4-1-8-2-01,4.1.8.2,4.1.8.2,Overt Chemical Incident Priorities,primary_doctrine_uncovered100,Chemical incidents,DISASTER MANAGEMENT,DISASTER MANAGEMENT AND SPECIAL OPERATIONS
398,EMS2026-2-2-6-05,JOB-2-2-6-05,2.2.6,2.2.6,Protruding Globe Foreign Body Next Action,primary_doctrine_uncovered100,Facial and Ocular Trauma,TRAUMA,CLINICAL ASPECTS OF EMS MEDICINE
399,EMS2026-4-1-3-2-04,JOB-4-1-3-2-04,4.1.3.2,4.1.3.2,Incident Action Plan Objective Linkage,primary_doctrine_uncovered100,"Local, state, federal assets",DISASTER MANAGEMENT,DISASTER MANAGEMENT AND SPECIAL OPERATIONS
400,EMS2026-1-3-1-3-05,JOB-1-3-1-3-05,1.3.1.3,1.3.1.3,Local Credentialing Beyond Psychomotor Skills,primary_doctrine_uncovered100,Roles and psychomotor skills,EMS PERSONNEL,MEDICAL OVERSIGHT OF EMS
