review_order,question_id,job_id,concept_key,content_id,core_content_code,domain,topic_group,topic,title,source_label,batch_id,original_ordinal,is_paramedic_next_action_pilot,intended_pool_state
1,EMS2026-4-1-3-5-02,JOB-4-1-3-5-02,JOB-4-1-3-5-02,4.1.3.5,4.1.3.5,DISASTER MANAGEMENT AND SPECIAL OPERATIONS,Disaster Management,IS-100 and IS-200,ICS-200 For Initial Incident Command,first50_reviewed_website_push,20260705_first50_reviewed_website_push,1,False,voting
2,EMS2026-2-1-2-4-01,JOB-2-1-2-4-01,JOB-2-1-2-4-01,2.1.2.4,2.1.2.4,CLINICAL ASPECTS OF EMS MEDICINE,Resuscitation,Airway management in bariatric patients,Bariatric Airway Reserve,first50_reviewed_website_push,20260705_first50_reviewed_website_push,2,False,voting
3,EMS2026-3-1-2-1-02,JOB-3-1-2-1-02,JOB-3-1-2-1-02,3.1.2.1,3.1.2.1,QUALITY MANAGEMENT AND RESEARCH,Quality Management,Clinical decision making,System 1 Reasoning Trap,first50_reviewed_website_push,20260705_first50_reviewed_website_push,3,False,voting
4,EMS2026-2-3-3-1-1-05,JOB-2-3-3-1-1-05,JOB-2-3-3-1-1-05,2.3.3.1.1,2.3.3.1.1,CLINICAL ASPECTS OF EMS MEDICINE,Medical Emergencies,Prehospital stroke identification and severity scales,Stroke Mimic Glucose Check,first50_reviewed_website_push,20260705_first50_reviewed_website_push,4,False,voting
5,EMS2026-2-2-1-1-02,JOB-2-2-1-1-02,JOB-2-2-1-1-02,2.2.1.1,2.2.1.1,CLINICAL ASPECTS OF EMS MEDICINE,Trauma,Goal of minimizing scene time for severe trauma,Penetrating Trauma Fluid Timing,first50_reviewed_website_push,20260705_first50_reviewed_website_push,5,False,voting
6,EMS2026-2-1-2-1-3-03,JOB-2-1-2-1-3-03,JOB-2-1-2-1-3-03,2.1.2.1.3,2.1.2.1.3,CLINICAL ASPECTS OF EMS MEDICINE,RESUSCITATION,Bag-valve-mask ventilation,Correcting A Failing BVM Seal,paramedic_next_action_50,20260706_paramedic_next_action_50,1,True,voting
7,EMS2026-1-4-4-3-04,JOB-1-4-4-3-04,JOB-1-4-4-3-04,1.4.4.3,1.4.4.3,MEDICAL OVERSIGHT OF EMS,EMS System Management,Public access defibrillation (PAD),Public Access Defibrillation Law Variation,first50_reviewed_website_push,20260705_first50_reviewed_website_push,6,False,voting
8,EMS2026-1-4-4-5-06,JOB-1-4-4-5-06,JOB-1-4-4-5-06,1.4.4.5,1.4.4.5,MEDICAL OVERSIGHT OF EMS,EMS System Management,"Integration of EMS, community public resources, mental health resources, and social services",Coalition Coordination During Surge,first50_reviewed_website_push,20260705_first50_reviewed_website_push,7,False,voting
9,EMS2026-3-1-1-07,JOB-3-1-1-07,JOB-3-1-1-07,3.1.1,3.1.1,QUALITY MANAGEMENT AND RESEARCH,Quality Management,Quality Improvement Methodology Frameworks,PDSA Small Test Of Change,first50_reviewed_website_push,20260705_first50_reviewed_website_push,8,False,voting
10,EMS2026-4-4-4-04,JOB-4-4-4-04,JOB-4-4-4-04,4.4.4,4.4.4,DISASTER MANAGEMENT AND SPECIAL OPERATIONS,Tactical,Phases of care,Tactical Field Care Tradeoff,first50_reviewed_website_push,20260705_first50_reviewed_website_push,9,False,voting
11,EMS2026-2-3-11-3-1-02,JOB-2-3-11-3-1-02,JOB-2-3-11-3-1-02,2.3.11.3.1,2.3.11.3.1,CLINICAL ASPECTS OF EMS MEDICINE,Medical Emergencies,Viral hemorrhagic fevers,Stable Returned Traveler With Suspected VHF PPE,first50_reviewed_website_push,20260705_first50_reviewed_website_push,10,False,voting
12,EMS2026-2-1-2-2-6-03,JOB-2-1-2-2-6-03,JOB-2-1-2-2-6-03,2.1.2.2.6,2.1.2.2.6,CLINICAL ASPECTS OF EMS MEDICINE,RESUSCITATION,Supraglottic/extraglottic airways,Airway Choice After CPR Pauses,paramedic_next_action_50,20260706_paramedic_next_action_50,2,True,voting
13,EMS2026-1-1-1-1-1-05,JOB-1-1-1-1-1-05,JOB-1-1-1-1-1-05,1.1.1.1.1,1.1.1.1.1,MEDICAL OVERSIGHT OF EMS,Medical Oversight,Provision of direct patient care,Physician Field Procedure Governance,first50_reviewed_website_push,20260705_first50_reviewed_website_push,11,False,voting
14,EMS2026-2-2-7-1-03,JOB-2-2-7-1-03,JOB-2-2-7-1-03,2.2.7.1,2.2.7.1,CLINICAL ASPECTS OF EMS MEDICINE,Trauma,Severe head injury management,Severe TBI Airway Quality Dependency,first50_reviewed_website_push,20260705_first50_reviewed_website_push,12,False,voting
15,EMS2026-2-2-1-2-05,JOB-2-2-1-2-05,JOB-2-2-1-2-05,2.2.1.2,2.2.1.2,CLINICAL ASPECTS OF EMS MEDICINE,Trauma,Management and resuscitation of multi-trauma patient,Permissive Hypotension Boundary,first50_reviewed_website_push,20260705_first50_reviewed_website_push,13,False,voting
16,EMS2026-1-1-2-5-03,JOB-1-1-2-5-03,JOB-1-1-2-5-03,1.1.2.5,1.1.2.5,MEDICAL OVERSIGHT OF EMS,Medical Oversight,Patient abandonment,Abandonment And Inadequate Assessment,first50_reviewed_website_push,20260705_first50_reviewed_website_push,14,False,voting
17,EMS2026-4-2-5-1-03,JOB-4-2-5-1-03,JOB-4-2-5-1-03,4.2.5.1,4.2.5.1,DISASTER MANAGEMENT AND SPECIAL OPERATIONS,Mass Gathering,Onsite public safety answering point and dispatch,Event Dispatch Responsibilities,first50_reviewed_website_push,20260705_first50_reviewed_website_push,15,False,voting
18,EMS2026-2-1-2-6-03,JOB-2-1-2-6-03,JOB-2-1-2-6-03,2.1.2.6,2.1.2.6,CLINICAL ASPECTS OF EMS MEDICINE,RESUSCITATION,Control of post-tonsillectomy hemorrhage,Post-Tonsillectomy Airway Priority,paramedic_next_action_50,20260706_paramedic_next_action_50,3,True,voting
19,EMS2026-2-3-7-3-4-04,JOB-2-3-7-3-4-04,JOB-2-3-7-3-4-04,2.3.7.3.4,2.3.7.3.4,CLINICAL ASPECTS OF EMS MEDICINE,Medical Emergencies,Post-partum hemorrhage,Postpartum Hemorrhage Adjuncts,first50_reviewed_website_push,20260705_first50_reviewed_website_push,16,False,voting
20,EMS2026-2-4-5-5-01,JOB-2-4-5-5-01,JOB-2-4-5-5-01,2.4.5.5,2.4.5.5,CLINICAL ASPECTS OF EMS MEDICINE,Special Clinical Considerations,Brief resolved unexplained event (BRUE),BRUE Definition Boundary,first50_reviewed_website_push,20260705_first50_reviewed_website_push,17,False,voting
21,EMS2026-1-5-3-01,JOB-1-5-3-01,JOB-1-5-3-01,1.5.3,1.5.3,MEDICAL OVERSIGHT OF EMS,Crisis and Emergency Risk Communication,Emergency risk communication,Emergency Risk Communication Statement,first50_reviewed_website_push,20260705_first50_reviewed_website_push,18,False,voting
22,EMS2026-2-3-11-1-1-02,JOB-2-3-11-1-1-02,JOB-2-3-11-1-1-02,2.3.11.1.1,2.3.11.1.1,CLINICAL ASPECTS OF EMS MEDICINE,Medical Emergencies,"Contact (e.g., Norovirus, MRSA, Hep B, C)",Bloodborne Exposure Route,first50_reviewed_website_push,20260705_first50_reviewed_website_push,19,False,voting
23,EMS2026-2-4-5-1-05,JOB-2-4-5-1-05,JOB-2-4-5-1-05,2.4.5.1,2.4.5.1,CLINICAL ASPECTS OF EMS MEDICINE,Special Clinical Considerations,Pediatric airway management,Pediatric Airway Program Metrics,first50_reviewed_website_push,20260705_first50_reviewed_website_push,20,False,voting
24,EMS2026-2-1-3-1-03,JOB-2-1-3-1-03,JOB-2-1-3-1-03,2.1.3.1,2.1.3.1,CLINICAL ASPECTS OF EMS MEDICINE,RESUSCITATION,Recognition of shock and hypotension,Compensated Shock With Bleeding,paramedic_next_action_50,20260706_paramedic_next_action_50,4,True,voting
25,EMS2026-2-3-5-2-04,JOB-2-3-5-2-04,JOB-2-3-5-2-04,2.3.5.2,2.3.5.2,CLINICAL ASPECTS OF EMS MEDICINE,Medical Emergencies,Protocols for treat and release,Hypoglycemia Treat-And-Release Criteria,first50_reviewed_website_push,20260705_first50_reviewed_website_push,21,False,voting
26,EMS2026-3-2-2-05,JOB-3-2-2-05,JOB-3-2-2-05,3.2.2,3.2.2,QUALITY MANAGEMENT AND RESEARCH,Research,Epidemiology,Interventional Study Identification,first50_reviewed_website_push,20260705_first50_reviewed_website_push,22,False,voting
27,EMS2026-3-1-3-2-02,JOB-3-1-3-2-02,JOB-3-1-3-2-02,3.1.3.2,3.1.3.2,QUALITY MANAGEMENT AND RESEARCH,Quality Management,Quality improvement programs,QI Infrastructure And Trust,first50_reviewed_website_push,20260705_first50_reviewed_website_push,23,False,voting
28,EMS2026-2-4-1-02,JOB-2-4-1-02,JOB-2-4-1-02,2.4.1,2.4.1,CLINICAL ASPECTS OF EMS MEDICINE,Special Clinical Considerations,Point of Care Testing,Field-Relevant POC Testing,first50_reviewed_website_push,20260705_first50_reviewed_website_push,24,False,voting
29,EMS2026-3-1-2-2-04,JOB-3-1-2-2-04,JOB-3-1-2-2-04,3.1.2.2,3.1.2.2,QUALITY MANAGEMENT AND RESEARCH,Quality Management,Cognitive biases,Human Factors Safer Default,first50_reviewed_website_push,20260705_first50_reviewed_website_push,25,False,voting
30,EMS2026-2-1-3-2-03,JOB-2-1-3-2-03,JOB-2-1-3-2-03,2.1.3.2,2.1.3.2,CLINICAL ASPECTS OF EMS MEDICINE,RESUSCITATION,Management of hypotension and shock,Obstructive Shock From Chest Trauma,paramedic_next_action_50,20260706_paramedic_next_action_50,5,True,voting
31,EMS2026-1-4-4-3-01,JOB-1-4-4-3-01,JOB-1-4-4-3-01,1.4.4.3,1.4.4.3,MEDICAL OVERSIGHT OF EMS,EMS System Management,Public access defibrillation (PAD),Community Intervention For CARES Outcomes,first50_reviewed_website_push,20260705_first50_reviewed_website_push,26,False,voting
32,EMS2026-1-4-4-5-01,JOB-1-4-4-5-01,JOB-1-4-4-5-01,1.4.4.5,1.4.4.5,MEDICAL OVERSIGHT OF EMS,EMS System Management,"Integration of EMS, community public resources, mental health resources, and social services",Public Health Functions In EMS Collaboration,first50_reviewed_website_push,20260705_first50_reviewed_website_push,27,False,voting
33,EMS2026-3-2-3-3-01,JOB-3-2-3-3-01,JOB-3-2-3-3-01,3.2.3.3,3.2.3.3,QUALITY MANAGEMENT AND RESEARCH,Research,Data analysis,Intention-To-Treat Analysis,first50_reviewed_website_push,20260705_first50_reviewed_website_push,28,False,voting
34,EMS2026-2-3-1-1-03,JOB-2-3-1-1-03,JOB-2-3-1-1-03,2.3.1.1,2.3.1.1,CLINICAL ASPECTS OF EMS MEDICINE,Medical Emergencies,Determination of causes,Dyspnea Anchoring Trap,first50_reviewed_website_push,20260705_first50_reviewed_website_push,29,False,voting
35,EMS2026-4-4-4-05,JOB-4-4-4-05,JOB-4-4-4-05,4.4.4,4.4.4,DISASTER MANAGEMENT AND SPECIAL OPERATIONS,Tactical,Phases of care,Tactical Extraction Versus Routine Care,first50_reviewed_website_push,20260705_first50_reviewed_website_push,30,False,voting
36,EMS2026-2-1-3-3-3-02,JOB-2-1-3-3-3-02,JOB-2-1-3-3-3-02,2.1.3.3.3,2.1.3.3.3,CLINICAL ASPECTS OF EMS MEDICINE,RESUSCITATION,Placement of intraosseous lines (adult and pediatric),Pediatric IO Site With Tibial Fracture,paramedic_next_action_50,20260706_paramedic_next_action_50,6,True,voting
37,EMS2026-4-1-6-3-02,JOB-4-1-6-3-02,JOB-4-1-6-3-02,4.1.6.3,4.1.6.3,DISASTER MANAGEMENT AND SPECIAL OPERATIONS,Disaster Management,Contingency and crisis standards of care,Crisis Standards Legal Boundary,first50_reviewed_website_push,20260705_first50_reviewed_website_push,31,False,voting
38,EMS2026-2-3-11-7-03,JOB-2-3-11-7-03,JOB-2-3-11-7-03,2.3.11.7,2.3.11.7,CLINICAL ASPECTS OF EMS MEDICINE,Medical Emergencies,Cleaning and disinfection of the ambulance,Ambulance Decontamination PPE,first50_reviewed_website_push,20260705_first50_reviewed_website_push,32,False,voting
39,EMS2026-1-4-4-1-04,JOB-1-4-4-1-04,JOB-1-4-4-1-04,1.4.4.1,1.4.4.1,MEDICAL OVERSIGHT OF EMS,EMS System Management,Specialty hospital designations and patient transport,Specialty Designation Authority,first50_reviewed_website_push,20260705_first50_reviewed_website_push,33,False,voting
40,EMS2026-3-2-4-5-05,JOB-3-2-4-5-05,JOB-3-2-4-5-05,3.2.4.5,3.2.4.5,QUALITY MANAGEMENT AND RESEARCH,Research,Cost analysis research,Cost-Minimization Analysis,first50_reviewed_website_push,20260705_first50_reviewed_website_push,34,False,voting
41,EMS2026-1-3-4-1-1-07,JOB-1-3-4-1-1-07,JOB-1-3-4-1-1-07,1.3.4.1.1,1.3.4.1.1,MEDICAL OVERSIGHT OF EMS,EMS Personnel,"Regulations and standards (e.g., National Fire Protection Association [NFPA] 1582, Ryan White Act, Occupational Safety and Health Administration [OSHA] requirements, National Institute for Occupational Safety and Health [NIOSH])",Tuberculosis Exposure Program,first50_reviewed_website_push,20260705_first50_reviewed_website_push,35,False,voting
42,EMS2026-2-1-4-03,JOB-2-1-4-03,JOB-2-1-4-03,2.1.4,2.1.4,CLINICAL ASPECTS OF EMS MEDICINE,RESUSCITATION,Altered Mental Status,Airway First In Altered Mental Status,paramedic_next_action_50,20260706_paramedic_next_action_50,7,True,voting
43,EMS2026-1-4-6-1-02,JOB-1-4-6-1-02,JOB-1-4-6-1-02,1.4.6.1,1.4.6.1,MEDICAL OVERSIGHT OF EMS,EMS System Management,Alternative destinations,Alternative Destination Legal Check,first50_reviewed_website_push,20260705_first50_reviewed_website_push,36,False,voting
44,EMS2026-2-1-2-2-8-01,JOB-2-1-2-2-8-01,JOB-2-1-2-2-8-01,2.1.2.2.8,2.1.2.2.8,CLINICAL ASPECTS OF EMS MEDICINE,Resuscitation,Cricothyroidotomy,Prehospital Surgical Airway Indication,first50_reviewed_website_push,20260705_first50_reviewed_website_push,37,False,voting
45,EMS2026-4-6-2-3-01,JOB-4-6-2-3-01,JOB-4-6-2-3-01,4.6.2.3,4.6.2.3,DISASTER MANAGEMENT AND SPECIAL OPERATIONS,Wilderness,"Field reduction of dislocations, subluxations, or fractures",Wilderness Joint Reduction Tradeoff,first50_reviewed_website_push,20260705_first50_reviewed_website_push,38,False,voting
46,EMS2026-1-3-4-1-1-06,JOB-1-3-4-1-1-06,JOB-1-3-4-1-1-06,1.3.4.1.1,1.3.4.1.1,MEDICAL OVERSIGHT OF EMS,EMS Personnel,"Regulations and standards (e.g., National Fire Protection Association [NFPA] 1582, Ryan White Act, Occupational Safety and Health Administration [OSHA] requirements, National Institute for Occupational Safety and Health [NIOSH])",NFPA Department Physician Role,first50_reviewed_website_push,20260705_first50_reviewed_website_push,39,False,voting
47,EMS2026-1-1-1-2-2-02,JOB-1-1-1-2-2-02,JOB-1-1-1-2-2-02,1.1.1.2.2,1.1.1.2.2,MEDICAL OVERSIGHT OF EMS,Medical Oversight,Quality improvement programs,CQI Versus QA,first50_reviewed_website_push,20260705_first50_reviewed_website_push,40,False,voting
48,EMS2026-2-2-1-2-03,JOB-2-2-1-2-03,JOB-2-2-1-2-03,2.2.1.2,2.2.1.2,CLINICAL ASPECTS OF EMS MEDICINE,TRAUMA,Management and resuscitation of multi-trauma patient,Trauma Tension Pneumothorax Priority,paramedic_next_action_50,20260706_paramedic_next_action_50,8,True,voting
49,EMS2026-2-3-13-4-2-01,JOB-2-3-13-4-2-01,JOB-2-3-13-4-2-01,2.3.13.4.2,2.3.13.4.2,CLINICAL ASPECTS OF EMS MEDICINE,Medical Emergencies,Decompression illness,Decompression Sickness Mechanism,first50_reviewed_website_push,20260705_first50_reviewed_website_push,41,False,voting
50,EMS2026-4-2-1-3-02,JOB-4-2-1-3-02,JOB-4-2-1-3-02,4.2.1.3,4.2.1.3,DISASTER MANAGEMENT AND SPECIAL OPERATIONS,Mass Gathering,Design of event treatment facilities,Event Treatment Facility Design,first50_reviewed_website_push,20260705_first50_reviewed_website_push,42,False,voting
51,EMS2026-2-4-9-6-01,JOB-2-4-9-6-01,JOB-2-4-9-6-01,2.4.9.6,2.4.9.6,CLINICAL ASPECTS OF EMS MEDICINE,Special Clinical Considerations,Housing instability,Housing Status Documentation,first50_reviewed_website_push,20260705_first50_reviewed_website_push,43,False,voting
52,EMS2026-2-3-1-2-04,JOB-2-3-1-2-04,JOB-2-3-1-2-04,2.3.1.2,2.3.1.2,CLINICAL ASPECTS OF EMS MEDICINE,Medical Emergencies,Use of capnometry and capnography waveforms in diagnosis and management,Sepsis Low End-Tidal Carbon Dioxide Response,first50_reviewed_website_push,20260705_first50_reviewed_website_push,44,False,voting
53,EMS2026-2-3-7-2-2-03,JOB-2-3-7-2-2-03,JOB-2-3-7-2-2-03,2.3.7.2.2,2.3.7.2.2,CLINICAL ASPECTS OF EMS MEDICINE,Medical Emergencies,"High-risk delivery of a fetus (e.g., preterm delivery)",High-Risk Delivery Resources,first50_reviewed_website_push,20260705_first50_reviewed_website_push,45,False,voting
54,EMS2026-2-2-1-5-03,JOB-2-2-1-5-03,JOB-2-2-1-5-03,2.2.1.5,2.2.1.5,CLINICAL ASPECTS OF EMS MEDICINE,TRAUMA,Control of life-threatening hemorrhage,Junctional Hemorrhage Packing,paramedic_next_action_50,20260706_paramedic_next_action_50,9,True,voting
55,EMS2026-4-2-3-05,JOB-4-2-3-05,JOB-4-2-3-05,4.2.3,4.2.3,DISASTER MANAGEMENT AND SPECIAL OPERATIONS,Mass Gathering,Training and Drills,Mass Gathering Drill Participation,first50_reviewed_website_push,20260705_first50_reviewed_website_push,46,False,voting
56,EMS2026-4-1-7-2-1-02,JOB-4-1-7-2-1-02,JOB-4-1-7-2-1-02,4.1.7.2.1,4.1.7.2.1,DISASTER MANAGEMENT AND SPECIAL OPERATIONS,Disaster Management,Life-saving interventions and on-site treatment,Treatment Sector Function,first50_reviewed_website_push,20260705_first50_reviewed_website_push,47,False,voting
57,EMS2026-4-2-1-5-05,JOB-4-2-1-5-05,JOB-4-2-1-5-05,4.2.1.5,4.2.1.5,DISASTER MANAGEMENT AND SPECIAL OPERATIONS,Mass Gathering,MCI preparedness within mass gathering,Mass Gathering Initial Resource Report,first50_reviewed_website_push,20260705_first50_reviewed_website_push,48,False,voting
58,EMS2026-2-3-2-7-02,JOB-2-3-2-7-02,JOB-2-3-2-7-02,2.3.2.7,2.3.2.7,CLINICAL ASPECTS OF EMS MEDICINE,Medical Emergencies,Wearable cardioverter defibrillator,Wearable Defibrillator During CPR,first50_reviewed_website_push,20260705_first50_reviewed_website_push,49,False,voting
59,EMS2026-4-1-7-2-1-04,JOB-4-1-7-2-1-04,JOB-4-1-7-2-1-04,4.1.7.2.1,4.1.7.2.1,DISASTER MANAGEMENT AND SPECIAL OPERATIONS,Disaster Management,Life-saving interventions and on-site treatment,Nontransporting ALS In Treatment Areas,first50_reviewed_website_push,20260705_first50_reviewed_website_push,50,False,voting
60,EMS2026-2-2-6-02,JOB-2-2-6-02,JOB-2-2-6-02,2.2.6,2.2.6,CLINICAL ASPECTS OF EMS MEDICINE,TRAUMA,Facial and Ocular Trauma,Alkali Eye Burn Irrigation,paramedic_next_action_50,20260706_paramedic_next_action_50,10,True,voting
61,EMS2026-2-2-1-4-2-04,JOB-2-2-1-4-2-04,JOB-2-2-1-4-2-04,2.2.1.4.2,2.2.1.4.2,CLINICAL ASPECTS OF EMS MEDICINE,,Gunshot wounds and ballistics,Spinal Restriction In Gunshot Wounds,legacy_locked_priority_superset_100,legacy_locked_priority_superset_100,1,False,voting
62,EMS2026-1-2-7-02,JOB-1-2-7-02,JOB-1-2-7-02,1.2.7,1.2.7,MEDICAL OVERSIGHT OF EMS,,Regionalization of Care,Emergency Medical Care System Scope,legacy_locked_priority_superset_100,legacy_locked_priority_superset_100,2,False,voting
63,EMS2026-2-3-8-3-05,JOB-2-3-8-3-05,JOB-2-3-8-3-05,2.3.8.3,2.3.8.3,CLINICAL ASPECTS OF EMS MEDICINE,,Treatment with antidotes,Antidote Matching in Toxic Shock,legacy_locked_priority_superset_100,legacy_locked_priority_superset_100,3,False,voting
64,EMS2026-4-5-5-01,JOB-4-5-5-01,JOB-4-5-5-01,4.5.5,4.5.5,DISASTER MANAGEMENT AND SPECIAL OPERATIONS,,Operational considerations,Equipment Staging Before Access,legacy_locked_priority_superset_100,legacy_locked_priority_superset_100,4,False,voting
65,EMS2026-4-5-1-1-04,JOB-4-5-1-1-04,JOB-4-5-1-1-04,4.5.1.1,4.5.1.1,DISASTER MANAGEMENT AND SPECIAL OPERATIONS,,Rope rescue,High-Angle Rescue Equipment Planning,legacy_locked_priority_superset_100,legacy_locked_priority_superset_100,5,False,voting
66,EMS2026-2-2-8-2-03,JOB-2-2-8-2-03,JOB-2-2-8-2-03,2.2.8.2,2.2.8.2,CLINICAL ASPECTS OF EMS MEDICINE,TRAUMA,Crush injuries,Crush Release Preparation,paramedic_next_action_50,20260706_paramedic_next_action_50,11,True,voting
67,EMS2026-4-7-4-05,JOB-4-7-4-05,JOB-4-7-4-05,4.7.4,4.7.4,DISASTER MANAGEMENT AND SPECIAL OPERATIONS,,Medical oversight models,Mobile Integrated Health Medical Direction,legacy_locked_priority_superset_100,legacy_locked_priority_superset_100,6,False,voting
68,EMS2026-2-3-7-8-05,JOB-2-3-7-8-05,JOB-2-3-7-8-05,2.3.7.8,2.3.7.4,CLINICAL ASPECTS OF EMS MEDICINE,,Systems of care (including destination decisions),Resuscitative Hysterotomy,legacy_locked_priority_superset_100,legacy_locked_priority_superset_100,7,False,voting
69,EMS2026-2-1-2-2-4-04,JOB-2-1-2-2-4-04,JOB-2-1-2-2-4-04,2.1.2.2.4,2.1.2.2.4,CLINICAL ASPECTS OF EMS MEDICINE,,Video laryngoscopy,Video Laryngoscopy For Team Performance,legacy_locked_priority_superset_100,legacy_locked_priority_superset_100,8,False,voting
70,EMS2026-3-2-1-2-05,JOB-3-2-1-2-05,JOB-3-2-1-2-05,3.2.1.2,3.2.1.2,QUALITY MANAGEMENT AND RESEARCH,,Role of the Institutional Review Board,Exempt Review in EMS Research,legacy_locked_priority_superset_100,legacy_locked_priority_superset_100,9,False,voting
71,EMS2026-2-4-13-03,JOB-2-4-13-03,JOB-2-4-13-03,2.4.13,2.4.13,CLINICAL ASPECTS OF EMS MEDICINE,,Gender-based Health Issues,Names and Pronouns in Prehospital Care,legacy_locked_priority_superset_100,legacy_locked_priority_superset_100,10,False,voting
72,EMS2026-2-3-1-2-02,JOB-2-3-1-2-02,JOB-2-3-1-2-02,2.3.1.2,2.3.1.2,CLINICAL ASPECTS OF EMS MEDICINE,MEDICAL EMERGENCIES,Use of capnometry and capnography waveforms in diagnosis and management,Capnography Drop During Ventilation,paramedic_next_action_50,20260706_paramedic_next_action_50,12,True,voting
73,EMS2026-3-1-6-08,JOB-3-1-6-08,JOB-3-1-6-08,3.1.6,3.1.6,QUALITY MANAGEMENT AND RESEARCH,,Implementation Science,Equity Monitoring During Implementation,legacy_locked_priority_superset_100,legacy_locked_priority_superset_100,11,False,voting
74,EMS2026-2-2-8-1-04,JOB-2-2-8-1-04,JOB-2-2-8-1-04,2.2.8.1,2.2.8.1,CLINICAL ASPECTS OF EMS MEDICINE,,Field limb amputation,Traumatic Amputation Stump Care,legacy_locked_priority_superset_100,legacy_locked_priority_superset_100,12,False,voting
75,EMS2026-1-1-1-2-2-01,JOB-1-1-1-2-2-01,JOB-1-1-1-2-2-01,1.1.1.2.2,1.1.1.2.2,MEDICAL OVERSIGHT OF EMS,,Quality improvement programs,QI Versus Discipline For A Process Defect,legacy_locked_priority_superset_100,legacy_locked_priority_superset_100,13,False,voting
76,EMS2026-1-5-1-12,JOB-1-5-1-12,JOB-1-5-1-12,1.5.1,1.5.1,MEDICAL OVERSIGHT OF EMS,,Public information and interacting with the media,Public Reporting Without Misleading,legacy_locked_priority_superset_100,legacy_locked_priority_superset_100,14,False,voting
77,EMS2026-2-3-1-6-1-05,JOB-2-3-1-6-1-05,JOB-2-3-1-6-1-05,2.3.1.6.1,2.3.1.6.1,CLINICAL ASPECTS OF EMS MEDICINE,,Clinical diagnosis,Pneumothorax During Air Transport,legacy_locked_priority_superset_100,legacy_locked_priority_superset_100,15,False,voting
78,EMS2026-2-3-1-3-02,JOB-2-3-1-3-02,JOB-2-3-1-3-02,2.3.1.3,2.3.1.3,CLINICAL ASPECTS OF EMS MEDICINE,MEDICAL EMERGENCIES,Management of respiratory distress or shortness of breath,Ventilatory Support In COPD Exhaustion,paramedic_next_action_50,20260706_paramedic_next_action_50,13,True,voting
79,EMS2026-1-3-7-08,JOB-1-3-7-08,JOB-1-3-7-08,1.3.7,1.3.7,MEDICAL OVERSIGHT OF EMS,,Diverse and Inclusive Workforce,"Race, Ethnicity, And EMS Care Differences",legacy_locked_priority_superset_100,legacy_locked_priority_superset_100,16,False,voting
80,EMS2026-3-2-1-1-07,JOB-3-2-1-1-07,JOB-3-2-1-1-07,3.2.1.1,3.2.1.1,QUALITY MANAGEMENT AND RESEARCH,,"Ethical frameworks (e.g., Belmont Report, Common Rule, Final Rule)",The Common Rule,legacy_locked_priority_superset_100,legacy_locked_priority_superset_100,17,False,voting
81,EMS2026-4-6-2-4-02,JOB-4-6-2-4-02,JOB-4-6-2-4-02,4.6.2.4,4.6.2.4,DISASTER MANAGEMENT AND SPECIAL OPERATIONS,,Patient temperature management,Hypothermia Handling Priority,legacy_locked_priority_superset_100,legacy_locked_priority_superset_100,18,False,voting
82,EMS2026-2-4-12-1-02,JOB-2-4-12-1-02,JOB-2-4-12-1-02,2.4.12.1,2.4.12.1,CLINICAL ASPECTS OF EMS MEDICINE,,Lift assist calls,Lift Assist Refusal Risk,legacy_locked_priority_superset_100,legacy_locked_priority_superset_100,19,False,voting
83,EMS2026-1-3-6-08,JOB-1-3-6-08,JOB-1-3-6-08,1.3.6,1.3.6,MEDICAL OVERSIGHT OF EMS,,Recruitment and Retention,Recruitment And Systemic Racism,legacy_locked_priority_superset_100,legacy_locked_priority_superset_100,20,False,voting
84,EMS2026-2-3-1-4-01,JOB-2-3-1-4-01,JOB-2-3-1-4-01,2.3.1.4,2.3.1.4,CLINICAL ASPECTS OF EMS MEDICINE,MEDICAL EMERGENCIES,Non-invasive positive pressure ventilation,CPAP For Pulmonary Edema,paramedic_next_action_50,20260706_paramedic_next_action_50,14,True,voting
85,EMS2026-4-5-1-5-04,JOB-4-5-1-5-04,JOB-4-5-1-5-04,4.5.1.5,4.5.1.5,DISASTER MANAGEMENT AND SPECIAL OPERATIONS,,Vehicle and machinery rescue,Medical Advice During Machinery Disentanglement,legacy_locked_priority_superset_100,legacy_locked_priority_superset_100,21,False,voting
86,EMS2026-2-2-1-1-04,JOB-2-2-1-1-04,JOB-2-2-1-1-04,2.2.1.1,2.2.1.1,CLINICAL ASPECTS OF EMS MEDICINE,,Goal of minimizing scene time for severe trauma,Scene Time Versus Hemorrhage Control,legacy_locked_priority_superset_100,legacy_locked_priority_superset_100,22,False,voting
87,EMS2026-1-3-2-2-01,JOB-1-3-2-2-01,JOB-1-3-2-2-01,1.3.2.2,1.3.2.2,MEDICAL OVERSIGHT OF EMS,,Education delivery models,Hybrid Education For A Psychomotor Skill,legacy_locked_priority_superset_100,legacy_locked_priority_superset_100,23,False,voting
88,EMS2026-1-1-2-7-06,JOB-1-1-2-7-06,JOB-1-1-2-7-06,1.1.2.7,1.1.2.7,MEDICAL OVERSIGHT OF EMS,,Risk management,Risk Management Applied To Crashes,legacy_locked_priority_superset_100,legacy_locked_priority_superset_100,24,False,voting
89,EMS2026-1-3-4-1-1-02,JOB-1-3-4-1-1-02,JOB-1-3-4-1-1-02,1.3.4.1.1,1.3.4.1.1,MEDICAL OVERSIGHT OF EMS,,"Regulations and standards (e.g., National Fire Protection Association [NFPA] 1582, Ryan White Act, Occupational Safety and Health Administration [OSHA] requirements, National Institute for Occupational Safety and Health [NIOSH])",Needlestick Exposure First Actions,legacy_locked_priority_superset_100,legacy_locked_priority_superset_100,25,False,voting
90,EMS2026-2-3-1-6-2-01,JOB-2-3-1-6-2-01,JOB-2-3-1-6-2-01,2.3.1.6.2,2.3.1.6.2,CLINICAL ASPECTS OF EMS MEDICINE,MEDICAL EMERGENCIES,Management and related devices,Recurrent Tension Pneumothorax,paramedic_next_action_50,20260706_paramedic_next_action_50,15,True,voting
91,EMS2026-4-6-2-4-04,JOB-4-6-2-4-04,JOB-4-6-2-4-04,4.6.2.4,4.6.2.4,DISASTER MANAGEMENT AND SPECIAL OPERATIONS,,Patient temperature management,Field Thawing of Frostbite,legacy_locked_priority_superset_100,legacy_locked_priority_superset_100,26,False,voting
92,EMS2026-4-1-4-2-05,JOB-4-1-4-2-05,JOB-4-1-4-2-05,4.1.4.2,4.1.4.2,DISASTER MANAGEMENT AND SPECIAL OPERATIONS,,State emergency mutual aid compacts,Emergency Management Assistance Compact Licensure,legacy_locked_priority_superset_100,legacy_locked_priority_superset_100,27,False,voting
93,EMS2026-2-3-13-3-3-02,JOB-2-3-13-3-3-02,JOB-2-3-13-3-3-02,2.3.13.3.3,2.3.13.3.3,CLINICAL ASPECTS OF EMS MEDICINE,,Field prophylaxis and treatment,Mild Acute Mountain Sickness,legacy_locked_priority_superset_100,legacy_locked_priority_superset_100,28,False,voting
94,EMS2026-1-4-3-4-4-01,JOB-1-4-3-4-4-01,JOB-1-4-3-4-4-01,1.4.3.4.4,1.4.3.4.4,MEDICAL OVERSIGHT OF EMS,,Health Insurance Portability and Accountability Act (HIPAA),Health Privacy At A Public Scene,legacy_locked_priority_superset_100,legacy_locked_priority_superset_100,29,False,voting
95,EMS2026-2-3-13-4-4-01,JOB-2-3-13-4-4-01,JOB-2-3-13-4-4-01,2.3.13.4.4,2.3.13.4.4,CLINICAL ASPECTS OF EMS MEDICINE,,Nitrogen narcosis,Nitrogen Narcosis Mechanism,legacy_locked_priority_superset_100,legacy_locked_priority_superset_100,30,False,voting
96,EMS2026-2-3-2-6-2-02,JOB-2-3-2-6-2-02,JOB-2-3-2-6-2-02,2.3.2.6.2,2.3.2.6.2,CLINICAL ASPECTS OF EMS MEDICINE,MEDICAL EMERGENCIES,Ventricular assist devices (surgical and percutaneous),LVAD Alarm Troubleshooting,paramedic_next_action_50,20260706_paramedic_next_action_50,16,True,voting
97,EMS2026-2-3-1-6-2-03,JOB-2-3-1-6-2-03,JOB-2-3-1-6-2-03,2.3.1.6.2,2.3.1.6.2,CLINICAL ASPECTS OF EMS MEDICINE,,Management and related devices,Finger Thoracostomy System Requirements,legacy_locked_priority_superset_100,legacy_locked_priority_superset_100,31,False,voting
98,EMS2026-1-2-4-2-01,JOB-1-2-4-2-01,JOB-1-2-4-2-01,1.2.4.2,1.2.4.2,MEDICAL OVERSIGHT OF EMS,,"EMS clinician levels (EMR, EMT, AEMT, Paramedic)",National EMS Clinician Levels,legacy_locked_priority_superset_100,legacy_locked_priority_superset_100,32,False,voting
99,EMS2026-4-1-8-1-3-01,JOB-4-1-8-1-3-01,JOB-4-1-8-1-3-01,4.1.8.1.3,4.1.8.1.3,DISASTER MANAGEMENT AND SPECIAL OPERATIONS,,Personnel and patient decontamination,Decontamination Before Leaving the Exposure Site,legacy_locked_priority_superset_100,legacy_locked_priority_superset_100,33,False,voting
100,EMS2026-2-2-5-1-2-05,JOB-2-2-5-1-2-05,JOB-2-2-5-1-2-05,2.2.5.1.2,2.2.5.1.2,CLINICAL ASPECTS OF EMS MEDICINE,,Joint reduction without anesthetics,Reduction Deferred For Analgesia,legacy_locked_priority_superset_100,legacy_locked_priority_superset_100,34,False,voting
101,EMS2026-1-5-4-10,JOB-1-5-4-10,JOB-1-5-4-10,1.5.4,1.5.4,MEDICAL OVERSIGHT OF EMS,,Communication lifecycle,FirstNet And Voice Interoperability,legacy_locked_priority_superset_100,legacy_locked_priority_superset_100,35,False,voting
102,EMS2026-2-3-5-4-04,JOB-2-3-5-4-04,JOB-2-3-5-4-04,2.3.5.4,2.3.5.4,CLINICAL ASPECTS OF EMS MEDICINE,MEDICAL EMERGENCIES,Insulin pumps,Insulin Pump Hypoglycemia,paramedic_next_action_50,20260706_paramedic_next_action_50,17,True,voting
103,EMS2026-4-3-1-07,JOB-4-3-1-07,JOB-4-3-1-07,4.3.1,4.3.1,DISASTER MANAGEMENT AND SPECIAL OPERATIONS,,Personnel rehabilitation,Emergency Incident Rehabilitation Trigger,legacy_locked_priority_superset_100,legacy_locked_priority_superset_100,36,False,voting
104,EMS2026-2-3-12-3-1-04,JOB-2-3-12-3-1-04,JOB-2-3-12-3-1-04,2.3.12.3.1,2.3.12.3.1,CLINICAL ASPECTS OF EMS MEDICINE,,De-escalation techniques,De-Escalation By Room Setup,legacy_locked_priority_superset_100,legacy_locked_priority_superset_100,37,False,voting
105,EMS2026-2-3-13-3-1-03,JOB-2-3-13-3-1-03,JOB-2-3-13-3-1-03,2.3.13.3.1,2.3.13.3.1,CLINICAL ASPECTS OF EMS MEDICINE,,Protection from high altitude injury,Acute Mountain Sickness Recognition,legacy_locked_priority_superset_100,legacy_locked_priority_superset_100,38,False,voting
106,EMS2026-1-3-2-6-06,JOB-1-3-2-6-06,JOB-1-3-2-6-06,1.3.2.6,1.3.2.6,MEDICAL OVERSIGHT OF EMS,,Remediation and workforce re-entry,Remediation Matched To Defect Type,legacy_locked_priority_superset_100,legacy_locked_priority_superset_100,39,False,voting
107,EMS2026-2-4-5-6-04,JOB-2-4-5-6-04,JOB-2-4-5-6-04,2.4.5.6,2.4.5.6,CLINICAL ASPECTS OF EMS MEDICINE,,"Children with special healthcare needs (e.g., technology dependent)",Technology-Dependent Child Deterioration,legacy_locked_priority_superset_100,legacy_locked_priority_superset_100,40,False,voting
108,EMS2026-2-3-5-5-02,JOB-2-3-5-5-02,JOB-2-3-5-5-02,2.3.5.5,2.3.5.5,CLINICAL ASPECTS OF EMS MEDICINE,MEDICAL EMERGENCIES,Wearable glucose monitors,CGM Conflict With EMS Glucose,paramedic_next_action_50,20260706_paramedic_next_action_50,18,True,voting
109,EMS2026-4-1-7-3-3-01,JOB-4-1-7-3-3-01,JOB-4-1-7-3-3-01,4.1.7.3.3,4.1.7.3.3,DISASTER MANAGEMENT AND SPECIAL OPERATIONS,,Patient tracking,Dynamic Triage Categories,legacy_locked_priority_superset_100,legacy_locked_priority_superset_100,41,False,voting
110,EMS2026-2-1-3-3-3-04,JOB-2-1-3-3-3-04,JOB-2-1-3-3-3-04,2.1.3.3.3,2.1.3.3.3,CLINICAL ASPECTS OF EMS MEDICINE,,Placement of intraosseous lines (adult and pediatric),Intraosseous Medication Delivery,legacy_locked_priority_superset_100,legacy_locked_priority_superset_100,42,False,voting
111,EMS2026-2-3-13-5-1-01,JOB-2-3-13-5-1-01,JOB-2-3-13-5-1-01,2.3.13.5.1,2.3.13.5.1,CLINICAL ASPECTS OF EMS MEDICINE,,Reverse triage,Lightning Reverse Triage,legacy_locked_priority_superset_100,legacy_locked_priority_superset_100,43,False,voting
112,EMS2026-4-6-2-3-03,JOB-4-6-2-3-03,JOB-4-6-2-3-03,4.6.2.3,4.6.2.3,DISASTER MANAGEMENT AND SPECIAL OPERATIONS,,"Field reduction of dislocations, subluxations, or fractures",Wilderness Shoulder Reduction,legacy_locked_priority_superset_100,legacy_locked_priority_superset_100,44,False,voting
113,EMS2026-2-4-13-05,JOB-2-4-13-05,JOB-2-4-13-05,2.4.13,2.4.13,CLINICAL ASPECTS OF EMS MEDICINE,,Gender-based Health Issues,Clinically Relevant Gender-Affirming History,legacy_locked_priority_superset_100,legacy_locked_priority_superset_100,45,False,voting
114,EMS2026-2-3-6-1-2-02,JOB-2-3-6-1-2-02,JOB-2-3-6-1-2-02,2.3.6.1.2,2.3.6.1.2,CLINICAL ASPECTS OF EMS MEDICINE,MEDICAL EMERGENCIES,Uncontrolled hemorrhage from shunt site,Dialysis Fistula Hemorrhage,paramedic_next_action_50,20260706_paramedic_next_action_50,19,True,voting
115,EMS2026-4-2-1-5-01,JOB-4-2-1-5-01,JOB-4-2-1-5-01,4.2.1.5,4.2.1.5,DISASTER MANAGEMENT AND SPECIAL OPERATIONS,,MCI preparedness within mass gathering,Mass Gathering Escalation Risk,legacy_locked_priority_superset_100,legacy_locked_priority_superset_100,46,False,voting
116,EMS2026-2-1-2-2-3-01,JOB-2-1-2-2-3-01,JOB-2-1-2-2-3-01,2.1.2.2.3,2.1.2.2.3,CLINICAL ASPECTS OF EMS MEDICINE,,Direct laryngoscopy,Direct Laryngoscopy Blade Technique,legacy_locked_priority_superset_100,legacy_locked_priority_superset_100,47,False,voting
117,EMS2026-2-2-5-1-1-03,JOB-2-2-5-1-1-03,JOB-2-2-5-1-1-03,2.2.5.1.1,2.2.5.1.1,CLINICAL ASPECTS OF EMS MEDICINE,,"Splinting, including use of nontraditional materials",Improvised Splint Construction,legacy_locked_priority_superset_100,legacy_locked_priority_superset_100,48,False,voting
118,EMS2026-2-3-11-1-3-04,JOB-2-3-11-1-3-04,JOB-2-3-11-1-3-04,2.3.11.1.3,2.3.11.1.3,CLINICAL ASPECTS OF EMS MEDICINE,,"Airborne (e.g., measles, COVID-19, varicella, tuberculosis)",Measles Precautions,legacy_locked_priority_superset_100,legacy_locked_priority_superset_100,49,False,voting
119,EMS2026-1-4-4-2-04,JOB-1-4-4-2-04,JOB-1-4-4-2-04,1.4.4.2,1.4.4.2,MEDICAL OVERSIGHT OF EMS,,Field triage to appropriate destination,Trauma Overtriage Tradeoff,legacy_locked_priority_superset_100,legacy_locked_priority_superset_100,50,False,voting
120,EMS2026-2-3-6-2-03,JOB-2-3-6-2-03,JOB-2-3-6-2-03,2.3.6.2,2.3.6.2,CLINICAL ASPECTS OF EMS MEDICINE,MEDICAL EMERGENCIES,Evaluation and treatment of hyperkalemia,Hyperkalemia With ECG Changes,paramedic_next_action_50,20260706_paramedic_next_action_50,20,True,voting
121,EMS2026-4-1-3-3-02,JOB-4-1-3-3-02,JOB-4-1-3-3-02,4.1.3.3,4.1.3.3,DISASTER MANAGEMENT AND SPECIAL OPERATIONS,,Regional resource allocation and management,EMS Branch Span Of Control,legacy_locked_priority_superset_100,legacy_locked_priority_superset_100,51,False,voting
122,EMS2026-2-3-8-6-05,JOB-2-3-8-6-05,JOB-2-3-8-6-05,2.3.8.6,2.3.8.6,CLINICAL ASPECTS OF EMS MEDICINE,,"Bites, stings, and envenomation",Envenomation Destination Planning,legacy_locked_priority_superset_100,legacy_locked_priority_superset_100,52,False,voting
123,EMS2026-4-1-8-4-04,JOB-4-1-8-4-04,JOB-4-1-8-4-04,4.1.8.4,4.1.8.4,DISASTER MANAGEMENT AND SPECIAL OPERATIONS,,Radiological incidents,Radiological Contamination and Lifesaving Care,legacy_locked_priority_superset_100,legacy_locked_priority_superset_100,53,False,voting
124,EMS2026-4-7-3-05,JOB-4-7-3-05,JOB-4-7-3-05,4.7.3,4.7.3,DISASTER MANAGEMENT AND SPECIAL OPERATIONS,,"Resources (e.g., equipment, medications, or point-of-care testing)",Point-Of-Care Testing In Mobile Integrated Health,legacy_locked_priority_superset_100,legacy_locked_priority_superset_100,54,False,voting
125,EMS2026-3-2-1-2-07,JOB-3-2-1-2-07,JOB-3-2-1-2-07,3.2.1.2,3.2.1.2,QUALITY MANAGEMENT AND RESEARCH,,Role of the Institutional Review Board,IRB Review For Emergency Research,legacy_locked_priority_superset_100,legacy_locked_priority_superset_100,55,False,voting
126,EMS2026-2-3-7-1-2-02,JOB-2-3-7-1-2-02,JOB-2-3-7-1-2-02,2.3.7.1.2,2.3.7.1.2,CLINICAL ASPECTS OF EMS MEDICINE,MEDICAL EMERGENCIES,Preeclampsia and eclampsia,Eclamptic Seizure Priorities,paramedic_next_action_50,20260706_paramedic_next_action_50,21,True,voting
127,EMS2026-1-2-7-11,JOB-1-2-7-11,JOB-1-2-7-11,1.2.7,1.2.7,MEDICAL OVERSIGHT OF EMS,,Regionalization of Care,Diversion Rule With Time-Critical Exceptions,legacy_locked_priority_superset_100,legacy_locked_priority_superset_100,56,False,voting
128,EMS2026-3-1-4-1-04,JOB-3-1-4-1-04,JOB-3-1-4-1-04,3.1.4.1,3.1.4.1,QUALITY MANAGEMENT AND RESEARCH,,"Local, state, and national EMS data sources (including registries and databases)",Utstein Cardiac Arrest Dataset,legacy_locked_priority_superset_100,legacy_locked_priority_superset_100,57,False,voting
129,EMS2026-3-1-2-1-08,JOB-3-1-2-1-08,JOB-3-1-2-1-08,3.1.2.1,3.1.2.1,QUALITY MANAGEMENT AND RESEARCH,,Clinical decision making,Nonconveyance Oversight,legacy_locked_priority_superset_100,legacy_locked_priority_superset_100,58,False,voting
130,EMS2026-4-4-6-1-05,JOB-4-4-6-1-05,JOB-4-4-6-1-05,4.4.6.1,4.4.6.1,DISASTER MANAGEMENT AND SPECIAL OPERATIONS,,Medical threat assessment,Tactical Medical Threat Assessment,legacy_locked_priority_superset_100,legacy_locked_priority_superset_100,59,False,voting
131,EMS2026-1-1-2-1-02,JOB-1-1-2-1-02,JOB-1-1-2-1-02,1.1.2.1,1.1.2.1,MEDICAL OVERSIGHT OF EMS,,Definition of a patient,Public Duty Versus Special Duty,legacy_locked_priority_superset_100,legacy_locked_priority_superset_100,60,False,voting
132,EMS2026-2-3-7-1-4-02,JOB-2-3-7-1-4-02,JOB-2-3-7-1-4-02,2.3.7.1.4,2.3.7.1.4,CLINICAL ASPECTS OF EMS MEDICINE,MEDICAL EMERGENCIES,Placenta previa,Placenta Previa Exam Avoidance,paramedic_next_action_50,20260706_paramedic_next_action_50,22,True,voting
133,EMS2026-1-2-5-6-03,JOB-1-2-5-6-03,JOB-1-2-5-6-03,1.2.5.6,1.2.5.6,MEDICAL OVERSIGHT OF EMS,,Inter-facility transport,Interfacility Transport Responsibility,legacy_locked_priority_superset_100,legacy_locked_priority_superset_100,61,False,voting
134,EMS2026-4-5-1-2-03,JOB-4-5-1-2-03,JOB-4-5-1-2-03,4.5.1.2,4.5.1.2,DISASTER MANAGEMENT AND SPECIAL OPERATIONS,,Confined space rescue,Confined-Space Atmospheric Testing,legacy_locked_priority_superset_100,legacy_locked_priority_superset_100,62,False,voting
135,EMS2026-1-4-6-1-03,JOB-1-4-6-1-03,JOB-1-4-6-1-03,1.4.6.1,1.4.6.1,MEDICAL OVERSIGHT OF EMS,,Alternative destinations,"Emergency Triage, Treat, And Transport Model",legacy_locked_priority_superset_100,legacy_locked_priority_superset_100,63,False,voting
136,EMS2026-1-1-2-4-2-03,JOB-1-1-2-4-2-03,JOB-1-1-2-4-2-03,1.1.2.4.2,1.1.2.4.2,MEDICAL OVERSIGHT OF EMS,,Difference between capacity and competence,Capacity Defect In A Refusal,legacy_locked_priority_superset_100,legacy_locked_priority_superset_100,64,False,voting
137,EMS2026-1-1-2-1-06,JOB-1-1-2-1-06,JOB-1-1-2-1-06,1.1.2.1,1.1.2.1,MEDICAL OVERSIGHT OF EMS,,Definition of a patient,Capacity Versus Competence,legacy_locked_priority_superset_100,legacy_locked_priority_superset_100,65,False,voting
138,EMS2026-2-3-7-3-2-02,JOB-2-3-7-3-2-02,JOB-2-3-7-3-2-02,2.3.7.3.2,2.3.7.3.2,CLINICAL ASPECTS OF EMS MEDICINE,MEDICAL EMERGENCIES,Shoulder dystocia,Shoulder Dystocia First Maneuver,paramedic_next_action_50,20260706_paramedic_next_action_50,23,True,voting
139,EMS2026-2-4-6-1-05,JOB-2-4-6-1-05,JOB-2-4-6-1-05,2.4.6.1,2.4.6.1,CLINICAL ASPECTS OF EMS MEDICINE,,"Geriatric trauma (e.g., falls)",Geriatric Trauma Packaging,legacy_locked_priority_superset_100,legacy_locked_priority_superset_100,66,False,voting
140,EMS2026-2-3-2-1-3-02,JOB-2-3-2-1-3-02,JOB-2-3-2-1-3-02,2.3.2.1.3,2.3.2.1.3,CLINICAL ASPECTS OF EMS MEDICINE,,Prehospital administration of thrombolytics for STEMI,STEMI Reperfusion Strategy At The Margin,legacy_locked_priority_superset_100,legacy_locked_priority_superset_100,67,False,voting
141,EMS2026-2-3-11-6-2-02,JOB-2-3-11-6-2-02,JOB-2-3-11-6-2-02,2.3.11.6.2,2.3.11.6.2,CLINICAL ASPECTS OF EMS MEDICINE,,Infection control liaison between hospital and EMS agency,Meningococcal Exposure Follow-Up,legacy_locked_priority_superset_100,legacy_locked_priority_superset_100,68,False,voting
142,EMS2026-2-1-2-2-1-03,JOB-2-1-2-2-1-03,JOB-2-1-2-2-1-03,2.1.2.2.1,2.1.2.2.1,CLINICAL ASPECTS OF EMS MEDICINE,,Devices for securing airway,Continuous Tube Confirmation,legacy_locked_priority_superset_100,legacy_locked_priority_superset_100,69,False,voting
143,EMS2026-2-3-10-2-05,JOB-2-3-10-2-05,JOB-2-3-10-2-05,2.3.10.2,2.3.10.2,CLINICAL ASPECTS OF EMS MEDICINE,,"Management (e.g., care bundles)",Septic Shock Perfusion Target,legacy_locked_priority_superset_100,legacy_locked_priority_superset_100,70,False,voting
144,EMS2026-2-3-7-3-6-02,JOB-2-3-7-3-6-02,JOB-2-3-7-3-6-02,2.3.7.3.6,2.3.7.3.6,CLINICAL ASPECTS OF EMS MEDICINE,MEDICAL EMERGENCIES,Neonatal resuscitation,Neonatal Positive-Pressure Ventilation,paramedic_next_action_50,20260706_paramedic_next_action_50,24,True,voting
145,EMS2026-2-3-2-2-2-01,JOB-2-3-2-2-2-01,JOB-2-3-2-2-2-01,2.3.2.2.2,2.3.2.2.2,CLINICAL ASPECTS OF EMS MEDICINE,,Heart failure management,Severe Cardiogenic Pulmonary Edema,legacy_locked_priority_superset_100,legacy_locked_priority_superset_100,71,False,voting
146,EMS2026-4-1-4-1-03,JOB-4-1-4-1-03,JOB-4-1-4-1-03,4.1.4.1,4.1.4.1,DISASTER MANAGEMENT AND SPECIAL OPERATIONS,,State and federal criteria for disaster declaration,Stafford Act Disaster Declaration,legacy_locked_priority_superset_100,legacy_locked_priority_superset_100,72,False,voting
147,EMS2026-2-2-1-3-03,JOB-2-2-1-3-03,JOB-2-2-1-3-03,2.2.1.3,2.2.1.3,CLINICAL ASPECTS OF EMS MEDICINE,,Field trauma triage criteria,Unstable Pelvis Field Triage,legacy_locked_priority_superset_100,legacy_locked_priority_superset_100,73,False,voting
148,EMS2026-1-3-4-4-04,JOB-1-3-4-4-04,JOB-1-3-4-4-04,1.3.4.4,1.3.4.4,MEDICAL OVERSIGHT OF EMS,,Prevention and intervention for psychologically stressful events,Immediate Stress Intervention,legacy_locked_priority_superset_100,legacy_locked_priority_superset_100,74,False,voting
149,EMS2026-2-2-1-5-05,JOB-2-2-1-5-05,JOB-2-2-1-5-05,2.2.1.5,2.2.1.5,CLINICAL ASPECTS OF EMS MEDICINE,,Control of life-threatening hemorrhage,Anticoagulants Without Losing Hemorrhage Priorities,legacy_locked_priority_superset_100,legacy_locked_priority_superset_100,75,False,voting
150,EMS2026-2-3-8-3-01,JOB-2-3-8-3-01,JOB-2-3-8-3-01,2.3.8.3,2.3.8.3,CLINICAL ASPECTS OF EMS MEDICINE,MEDICAL EMERGENCIES,Treatment with antidotes,Ventilation Before Naloxone,paramedic_next_action_50,20260706_paramedic_next_action_50,25,True,voting
151,EMS2026-1-3-1-1-01,JOB-1-3-1-1-01,JOB-1-3-1-1-01,1.3.1.1,1.3.1.1,MEDICAL OVERSIGHT OF EMS,,State vs. national,Scope of Practice Authority,legacy_locked_priority_superset_100,legacy_locked_priority_superset_100,76,False,voting
152,EMS2026-1-2-5-8-06,JOB-1-2-5-8-06,JOB-1-2-5-8-06,1.2.5.8,1.2.5.8,MEDICAL OVERSIGHT OF EMS,,Critical care and specialty care transport,Burn Transport Airway Before Departure,legacy_locked_priority_superset_100,legacy_locked_priority_superset_100,77,False,voting
153,EMS2026-2-1-3-2-02,JOB-2-1-3-2-02,JOB-2-1-3-2-02,2.1.3.2,2.1.3.2,CLINICAL ASPECTS OF EMS MEDICINE,,Management of hypotension and shock,Anaphylactic Shock Without Rash,legacy_locked_priority_superset_100,legacy_locked_priority_superset_100,78,False,voting
154,EMS2026-2-4-9-1-05,JOB-2-4-9-1-05,JOB-2-4-9-1-05,2.4.9.1,2.4.9.1,CLINICAL ASPECTS OF EMS MEDICINE,,Social isolation,Quarantine And Family Accompaniment,legacy_locked_priority_superset_100,legacy_locked_priority_superset_100,79,False,voting
155,EMS2026-2-3-10-2-01,JOB-2-3-10-2-01,JOB-2-3-10-2-01,2.3.10.2,2.3.10.2,CLINICAL ASPECTS OF EMS MEDICINE,,"Management (e.g., care bundles)",Prehospital Antibiotics in Septic Shock,legacy_locked_priority_superset_100,legacy_locked_priority_superset_100,80,False,voting
156,EMS2026-2-3-8-2-5-03,JOB-2-3-8-2-5-03,JOB-2-3-8-2-5-03,2.3.8.2.5,2.3.8.2.5,CLINICAL ASPECTS OF EMS MEDICINE,MEDICAL EMERGENCIES,Organophosphates,Atropine Endpoint In Organophosphate Poisoning,paramedic_next_action_50,20260706_paramedic_next_action_50,26,True,voting
157,EMS2026-2-4-5-1-04,JOB-2-4-5-1-04,JOB-2-4-5-1-04,2.4.5.1,2.4.5.1,CLINICAL ASPECTS OF EMS MEDICINE,,Pediatric airway management,Pediatric Airway Program Threshold,legacy_locked_priority_superset_100,legacy_locked_priority_superset_100,81,False,voting
158,EMS2026-3-1-2-3-06,JOB-3-1-2-3-06,JOB-3-1-2-3-06,3.1.2.3,3.1.2.3,QUALITY MANAGEMENT AND RESEARCH,,Adverse events,Why EMS Adverse Events Are Missed,legacy_locked_priority_superset_100,legacy_locked_priority_superset_100,82,False,voting
159,EMS2026-1-4-5-05,JOB-1-4-5-05,JOB-1-4-5-05,1.4.5,1.4.5,MEDICAL OVERSIGHT OF EMS,,System Status Management,System Status Management Tradeoff,legacy_locked_priority_superset_100,legacy_locked_priority_superset_100,83,False,voting
160,EMS2026-2-3-7-2-2-02,JOB-2-3-7-2-2-02,JOB-2-3-7-2-2-02,2.3.7.2.2,2.3.7.2.2,CLINICAL ASPECTS OF EMS MEDICINE,,"High-risk delivery of a fetus (e.g., preterm delivery)",Temporizing High-Risk Delivery,legacy_locked_priority_superset_100,legacy_locked_priority_superset_100,84,False,voting
161,EMS2026-1-5-3-05,JOB-1-5-3-05,JOB-1-5-3-05,1.5.3,1.5.3,MEDICAL OVERSIGHT OF EMS,,Emergency risk communication,Repeating Risk Messages,legacy_locked_priority_superset_100,legacy_locked_priority_superset_100,85,False,voting
162,EMS2026-2-3-8-5-1-02,JOB-2-3-8-5-1-02,JOB-2-3-8-5-1-02,2.3.8.5.1,2.3.8.5.1,CLINICAL ASPECTS OF EMS MEDICINE,MEDICAL EMERGENCIES,Treatment of suspected overdose,Toxicologic Seizure Treatment,paramedic_next_action_50,20260706_paramedic_next_action_50,27,True,voting
163,EMS2026-2-3-1-3-01,JOB-2-3-1-3-01,JOB-2-3-1-3-01,2.3.1.3,2.3.1.3,CLINICAL ASPECTS OF EMS MEDICINE,,Management of respiratory distress or shortness of breath,Oxygen Targeting Instead Of Comfort Oxygen,legacy_locked_priority_superset_100,legacy_locked_priority_superset_100,86,False,voting
164,EMS2026-3-2-3-2-07,JOB-3-2-3-2-07,JOB-3-2-3-2-07,3.2.3.2,3.2.3.2,QUALITY MANAGEMENT AND RESEARCH,,Statistical tests,Sensitivity And Specificity,legacy_locked_priority_superset_100,legacy_locked_priority_superset_100,87,False,voting
165,EMS2026-1-5-3-08,JOB-1-5-3-08,JOB-1-5-3-08,1.5.3,1.5.3,MEDICAL OVERSIGHT OF EMS,,Emergency risk communication,Avoiding Overreassurance,legacy_locked_priority_superset_100,legacy_locked_priority_superset_100,88,False,voting
166,EMS2026-1-3-1-1-07,JOB-1-3-1-1-07,JOB-1-3-1-1-07,1.3.1.1,1.3.1.1,MEDICAL OVERSIGHT OF EMS,,State vs. national,EMS Compact Authority,legacy_locked_priority_superset_100,legacy_locked_priority_superset_100,89,False,voting
167,EMS2026-2-3-6-2-01,JOB-2-3-6-2-01,JOB-2-3-6-2-01,2.3.6.2,2.3.6.2,CLINICAL ASPECTS OF EMS MEDICINE,,Evaluation and treatment of hyperkalemia,Missed Dialysis With Wide-Complex Bradycardia,legacy_locked_priority_superset_100,legacy_locked_priority_superset_100,90,False,voting
168,EMS2026-2-3-10-1-03,JOB-2-3-10-1-03,JOB-2-3-10-1-03,2.3.10.1,2.3.10.1,CLINICAL ASPECTS OF EMS MEDICINE,MEDICAL EMERGENCIES,Early recognition,Recognizing Prehospital Septic Shock,paramedic_next_action_50,20260706_paramedic_next_action_50,28,True,voting
169,EMS2026-1-4-6-2-03,JOB-1-4-6-2-03,JOB-1-4-6-2-03,1.4.6.2,1.4.6.2,MEDICAL OVERSIGHT OF EMS,,Treatment in place,MIH Treatment-in-Place Design,legacy_locked_priority_superset_100,legacy_locked_priority_superset_100,91,False,voting
170,EMS2026-1-5-1-09,JOB-1-5-1-09,JOB-1-5-1-09,1.5.1,1.5.1,MEDICAL OVERSIGHT OF EMS,,Public information and interacting with the media,Risk Communication Without Repeating Rumor,legacy_locked_priority_superset_100,legacy_locked_priority_superset_100,92,False,voting
171,EMS2026-2-1-3-4-01,JOB-2-1-3-4-01,JOB-2-1-3-4-01,2.1.3.4,2.1.3.4,CLINICAL ASPECTS OF EMS MEDICINE,,Blood product transfusion,Blood Product Program Readiness,legacy_locked_priority_superset_100,legacy_locked_priority_superset_100,93,False,voting
172,EMS2026-1-4-4-2-03,JOB-1-4-4-2-03,JOB-1-4-4-2-03,1.4.4.2,1.4.4.2,MEDICAL OVERSIGHT OF EMS,,Field triage to appropriate destination,Field Activation As Simultaneous Processing,legacy_locked_priority_superset_100,legacy_locked_priority_superset_100,94,False,voting
173,EMS2026-4-4-6-1-02,JOB-4-4-6-1-02,JOB-4-4-6-1-02,4.4.6.1,4.4.6.1,DISASTER MANAGEMENT AND SPECIAL OPERATIONS,,Medical threat assessment,Tactical Medical Threat Across Mission Phases,legacy_locked_priority_superset_100,legacy_locked_priority_superset_100,95,False,voting
174,EMS2026-2-3-10-2-03,JOB-2-3-10-2-03,JOB-2-3-10-2-03,2.3.10.2,2.3.10.2,CLINICAL ASPECTS OF EMS MEDICINE,MEDICAL EMERGENCIES,"Management (e.g., care bundles)",Oxygenation In Septic Shock,paramedic_next_action_50,20260706_paramedic_next_action_50,29,True,voting
175,EMS2026-3-2-4-3-02,JOB-3-2-4-3-02,JOB-3-2-4-3-02,3.2.4.3,3.2.4.3,QUALITY MANAGEMENT AND RESEARCH,,Outcome measures,Outcome Measure That Matters,legacy_locked_priority_superset_100,legacy_locked_priority_superset_100,96,False,voting
176,EMS2026-4-1-4-2-06,JOB-4-1-4-2-06,JOB-4-1-4-2-06,4.1.4.2,4.1.4.2,DISASTER MANAGEMENT AND SPECIAL OPERATIONS,,State emergency mutual aid compacts,Mutual Aid and Self-Deployment,legacy_locked_priority_superset_100,legacy_locked_priority_superset_100,97,False,voting
177,EMS2026-1-3-4-3-03,JOB-1-3-4-3-03,JOB-1-3-4-3-03,1.3.4.3,1.3.4.3,MEDICAL OVERSIGHT OF EMS,,Disordered sleep and work schedule,Sleepiness Scale Interpretation,legacy_locked_priority_superset_100,legacy_locked_priority_superset_100,98,False,voting
178,EMS2026-3-2-3-1-08,JOB-3-2-3-1-08,JOB-3-2-3-1-08,3.2.3.1,3.2.3.1,QUALITY MANAGEMENT AND RESEARCH,,Hypothesis testing,Confidence Interval Interpretation,legacy_locked_priority_superset_100,legacy_locked_priority_superset_100,99,False,voting
179,EMS2026-2-1-3-3-3-05,JOB-2-1-3-3-3-05,JOB-2-1-3-3-3-05,2.1.3.3.3,2.1.3.3.3,CLINICAL ASPECTS OF EMS MEDICINE,,Placement of intraosseous lines (adult and pediatric),Intraosseous Infusion Flow,legacy_locked_priority_superset_100,legacy_locked_priority_superset_100,100,False,voting
180,EMS2026-2-3-11-1-3-02,JOB-2-3-11-1-3-02,JOB-2-3-11-1-3-02,2.3.11.1.3,2.3.11.1.3,CLINICAL ASPECTS OF EMS MEDICINE,MEDICAL EMERGENCIES,"Airborne (e.g., measles, COVID-19, varicella, tuberculosis)",Tuberculosis Airborne Precautions,paramedic_next_action_50,20260706_paramedic_next_action_50,30,True,voting
181,EMS2026-2-1-1-2-06,JOB-2-1-1-2-06,JOB-2-1-1-2-06,2.1.1.2,2.1.1.2,CLINICAL ASPECTS OF EMS MEDICINE,,Transport decisions,Refractory Arrest Transport Capability,second50_qi_review,20260705_second50_qi_review,51,False,voting
182,EMS2026-2-3-13-2-1-02,JOB-2-3-13-2-1-02,JOB-2-3-13-2-1-02,2.3.13.2.1,2.3.13.2.1,CLINICAL ASPECTS OF EMS MEDICINE,,Exertional heat stroke,Heat Exhaustion Versus Heat Stroke,second50_qi_review,20260705_second50_qi_review,52,False,voting
183,EMS2026-2-1-1-4-04,JOB-2-1-1-4-04,JOB-2-1-1-4-04,2.1.1.4,2.1.1.4,CLINICAL ASPECTS OF EMS MEDICINE,,Termination of resuscitation in the field,TOR Family Acceptability,second50_qi_review,20260705_second50_qi_review,53,False,voting
184,EMS2026-2-1-1-6-03,JOB-2-1-1-6-03,JOB-2-1-1-6-03,2.1.1.6,2.1.1.6,CLINICAL ASPECTS OF EMS MEDICINE,,Withholding resuscitation (including determination of death and applying advanced directives),POLST As Actionable Orders,second50_qi_review,20260705_second50_qi_review,54,False,voting
185,EMS2026-2-3-1-2-05,JOB-2-3-1-2-05,JOB-2-3-1-2-05,2.3.1.2,2.3.1.2,CLINICAL ASPECTS OF EMS MEDICINE,,Use of capnometry and capnography waveforms in diagnosis and management,Capnography For Ventilation Monitoring,second50_qi_review,20260705_second50_qi_review,55,False,voting
186,EMS2026-2-3-11-5-4-4-01,JOB-2-3-11-5-4-4-01,JOB-2-3-11-5-4-4-01,2.3.11.5.4.4,2.3.11.5.4.4,CLINICAL ASPECTS OF EMS MEDICINE,MEDICAL EMERGENCIES,Alerting public health/receiving facility,Early Infectious-Disease Notification,paramedic_next_action_50,20260706_paramedic_next_action_50,31,True,voting
187,EMS2026-2-3-2-6-1-03,JOB-2-3-2-6-1-03,JOB-2-3-2-6-1-03,2.3.2.6.1,2.3.2.6.1,CLINICAL ASPECTS OF EMS MEDICINE,,Intra-aortic balloon pump management,IABP Transport Precheck,second50_qi_review,20260705_second50_qi_review,56,False,voting
188,EMS2026-1-1-1-2-3-06,JOB-1-1-1-2-3-06,JOB-1-1-1-2-3-06,1.1.1.2.3,1.1.1.2.3,MEDICAL OVERSIGHT OF EMS,,Determination of medical necessity in the field,Provider-Initiated Nontransport Oversight,second50_qi_review,20260705_second50_qi_review,57,False,voting
189,EMS2026-2-3-7-3-4-02,JOB-2-3-7-3-4-02,JOB-2-3-7-3-4-02,2.3.7.3.4,2.3.7.3.4,CLINICAL ASPECTS OF EMS MEDICINE,,Post-partum hemorrhage,Uterine Atony Recognition,second50_qi_review,20260705_second50_qi_review,58,False,voting
190,EMS2026-4-7-6-2-06,JOB-4-7-6-2-06,JOB-4-7-6-2-06,4.7.6.2,4.7.6.2,DISASTER MANAGEMENT AND SPECIAL OPERATIONS,,Patient care navigation,In-Home MIH With Transport Backup,second50_qi_review,20260705_second50_qi_review,59,False,voting
191,EMS2026-1-4-4-1-03,JOB-1-4-4-1-03,JOB-1-4-4-1-03,1.4.4.1,1.4.4.1,MEDICAL OVERSIGHT OF EMS,,Specialty hospital designations and patient transport,Certified Stroke Center With Operational Lapses,second50_qi_review,20260705_second50_qi_review,60,False,voting
192,EMS2026-2-3-12-1-1-02,JOB-2-3-12-1-1-02,JOB-2-3-12-1-1-02,2.3.12.1.1,2.3.12.1.1,CLINICAL ASPECTS OF EMS MEDICINE,MEDICAL EMERGENCIES,Mood disorders,Direct Suicide Risk Questions,paramedic_next_action_50,20260706_paramedic_next_action_50,32,True,voting
193,EMS2026-2-2-3-1-01,JOB-2-2-3-1-01,JOB-2-2-3-1-01,2.2.3.1,2.2.3.1,CLINICAL ASPECTS OF EMS MEDICINE,,Spinal motion restriction,Spinal Motion Restriction Indication,second50_qi_review,20260705_second50_qi_review,61,False,voting
194,EMS2026-2-3-11-6-2-01,JOB-2-3-11-6-2-01,JOB-2-3-11-6-2-01,2.3.11.6.2,2.3.11.6.2,CLINICAL ASPECTS OF EMS MEDICINE,,Infection control liaison between hospital and EMS agency,Ryan White Infection Control Structure,second50_qi_review,20260705_second50_qi_review,62,False,voting
195,EMS2026-1-5-1-10,JOB-1-5-1-10,JOB-1-5-1-10,1.5.1,1.5.1,MEDICAL OVERSIGHT OF EMS,,Public information and interacting with the media,Patient Condition Language,second50_qi_review,20260705_second50_qi_review,63,False,voting
196,EMS2026-2-3-13-3-1-04,JOB-2-3-13-3-1-04,JOB-2-3-13-3-1-04,2.3.13.3.1,2.3.13.3.1,CLINICAL ASPECTS OF EMS MEDICINE,,Protection from high altitude injury,High-Altitude Cerebral Edema Temporizing Medication,second50_qi_review,20260705_second50_qi_review,64,False,voting
197,EMS2026-1-3-7-04,JOB-1-3-7-04,JOB-1-3-7-04,1.3.7,1.3.7,MEDICAL OVERSIGHT OF EMS,,Diverse and Inclusive Workforce,Workforce Equity Intervention Package,second50_qi_review,20260705_second50_qi_review,65,False,voting
198,EMS2026-2-3-12-1-3-02,JOB-2-3-12-1-3-02,JOB-2-3-12-1-3-02,2.3.12.1.3,2.3.12.1.3,CLINICAL ASPECTS OF EMS MEDICINE,MEDICAL EMERGENCIES,"Anxiety, panic disorder, hyperventilation syndrome",Panic Mimic Assessment,paramedic_next_action_50,20260706_paramedic_next_action_50,33,True,voting
199,EMS2026-4-6-2-2-04,JOB-4-6-2-2-04,JOB-4-6-2-2-04,4.6.2.2,4.6.2.2,DISASTER MANAGEMENT AND SPECIAL OPERATIONS,,Advanced wound care,Impaled Object During Wilderness Evacuation,second50_qi_review,20260705_second50_qi_review,66,False,voting
200,EMS2026-4-4-5-2-03,JOB-4-4-5-2-03,JOB-4-4-5-2-03,4.4.5.2,4.4.5.2,DISASTER MANAGEMENT AND SPECIAL OPERATIONS,,Sensory-deprived or sensory-overload physical assessment,Airway Care Without Light,second50_qi_review,20260705_second50_qi_review,67,False,voting
201,EMS2026-1-1-1-2-3-01,JOB-1-1-1-2-3-01,JOB-1-1-1-2-3-01,1.1.1.2.3,1.1.1.2.3,MEDICAL OVERSIGHT OF EMS,,Determination of medical necessity in the field,Ambulance Medical Necessity,second50_qi_review,20260705_second50_qi_review,68,False,voting
202,EMS2026-1-2-2-4-04,JOB-1-2-2-4-04,JOB-1-2-2-4-04,1.2.2.4,1.2.2.4,MEDICAL OVERSIGHT OF EMS,,Mutual aid response,EMAC Mutual Aid Function,second50_qi_review,20260705_second50_qi_review,69,False,voting
203,EMS2026-1-3-6-10,JOB-1-3-6-10,JOB-1-3-6-10,1.3.6,1.3.6,MEDICAL OVERSIGHT OF EMS,,Recruitment and Retention,Retention Beyond Pay,second50_qi_review,20260705_second50_qi_review,70,False,voting
204,EMS2026-2-3-12-2-03,JOB-2-3-12-2-03,JOB-2-3-12-2-03,2.3.12.2,2.3.12.2,CLINICAL ASPECTS OF EMS MEDICINE,MEDICAL EMERGENCIES,Suicidal ideation,Weapon Risk In Suicidal Patient,paramedic_next_action_50,20260706_paramedic_next_action_50,34,True,voting
205,EMS2026-1-2-5-4-05,JOB-1-2-5-4-05,JOB-1-2-5-4-05,1.2.5.4,1.2.5.4,MEDICAL OVERSIGHT OF EMS,,Wilderness EMS,Wilderness Protocol Difference,second50_qi_review,20260705_second50_qi_review,71,False,voting
206,EMS2026-1-1-1-1-1-07,JOB-1-1-1-1-1-07,JOB-1-1-1-1-1-07,1.1.1.1.1,1.1.1.1.1,MEDICAL OVERSIGHT OF EMS,,Provision of direct patient care,Physician Field Care Feedback Loop,second50_qi_review,20260705_second50_qi_review,72,False,voting
207,EMS2026-2-1-2-2-6-01,JOB-2-1-2-2-6-01,JOB-2-1-2-2-6-01,2.1.2.2.6,2.1.2.2.6,CLINICAL ASPECTS OF EMS MEDICINE,,Supraglottic/extraglottic airways,Supraglottic Airway System Role,second50_qi_review,20260705_second50_qi_review,73,False,voting
208,EMS2026-2-2-5-1-3-04,JOB-2-2-5-1-3-04,JOB-2-2-5-1-3-04,2.2.5.1.3,2.2.5.1.3,CLINICAL ASPECTS OF EMS MEDICINE,,Application of traction devices,Femoral Shaft Fracture Splint Choice,second50_qi_review,20260705_second50_qi_review,74,False,voting
209,EMS2026-2-3-11-6-1-05,JOB-2-3-11-6-1-05,JOB-2-3-11-6-1-05,2.3.11.6.1,2.3.11.6.1,CLINICAL ASPECTS OF EMS MEDICINE,,"Health monitoring, post-exposure prophylaxis, and testing",Tuberculosis Postexposure Testing Window,second50_qi_review,20260705_second50_qi_review,75,False,voting
210,EMS2026-2-3-12-3-4-02,JOB-2-3-12-3-4-02,JOB-2-3-12-3-4-02,2.3.12.3.4,2.3.12.3.4,CLINICAL ASPECTS OF EMS MEDICINE,MEDICAL EMERGENCIES,Delirium with agitated behavior,Agitated Delirium As Medical Emergency,paramedic_next_action_50,20260706_paramedic_next_action_50,35,True,voting
211,EMS2026-4-1-5-5-02,JOB-4-1-5-5-02,JOB-4-1-5-5-02,4.1.5.5,4.1.5.5,DISASTER MANAGEMENT AND SPECIAL OPERATIONS,,State and federal assets,Strategic Caches And Stockpiles,second50_qi_review,20260705_second50_qi_review,76,False,voting
212,EMS2026-4-1-7-1-01,JOB-4-1-7-1-01,JOB-4-1-7-1-01,4.1.7.1,4.1.7.1,DISASTER MANAGEMENT AND SPECIAL OPERATIONS,,Triage,When MCI Triage Is Needed,second50_qi_review,20260705_second50_qi_review,77,False,voting
213,EMS2026-1-1-2-3-03,JOB-1-1-2-3-03,JOB-1-1-2-3-03,1.1.2.3,1.1.2.3,MEDICAL OVERSIGHT OF EMS,,Determination and/or pronouncement of death,NAEMSP TOR Protocol Support,second50_qi_review,20260705_second50_qi_review,78,False,voting
214,EMS2026-2-1-1-2-02,JOB-2-1-1-2-02,JOB-2-1-1-2-02,2.1.1.2,2.1.1.2,CLINICAL ASPECTS OF EMS MEDICINE,,Transport decisions,Exceptional CPR Transport,second50_qi_review,20260705_second50_qi_review,79,False,voting
215,EMS2026-1-5-2-10,JOB-1-5-2-10,JOB-1-5-2-10,1.5.2,1.5.2,MEDICAL OVERSIGHT OF EMS,,Crisis communication,Special Event Communications Matrix,second50_qi_review,20260705_second50_qi_review,80,False,voting
216,EMS2026-2-3-13-1-1-02,JOB-2-3-13-1-1-02,JOB-2-3-13-1-1-02,2.3.13.1.1,2.3.13.1.1,CLINICAL ASPECTS OF EMS MEDICINE,MEDICAL EMERGENCIES,Hypothermia,Urban Hypothermia Assessment,paramedic_next_action_50,20260706_paramedic_next_action_50,36,True,voting
217,EMS2026-2-2-5-1-3-05,JOB-2-2-5-1-3-05,JOB-2-2-5-1-3-05,2.2.5.1.3,2.2.5.1.3,CLINICAL ASPECTS OF EMS MEDICINE,,Application of traction devices,Femoral Fracture Protocol Update,second50_qi_review,20260705_second50_qi_review,81,False,voting
218,EMS2026-4-7-2-06,JOB-4-7-2-06,JOB-4-7-2-06,4.7.2,4.7.2,DISASTER MANAGEMENT AND SPECIAL OPERATIONS,,Expanded role/scope of practice,MIH Heart-Failure Education Need,second50_qi_review,20260705_second50_qi_review,82,False,voting
219,EMS2026-1-5-4-04,JOB-1-5-4-04,JOB-1-5-4-04,1.5.4,1.5.4,MEDICAL OVERSIGHT OF EMS,,Communication lifecycle,PSAP Quality Beyond Answer Time,second50_qi_review,20260705_second50_qi_review,83,False,voting
220,EMS2026-2-1-2-1-3-04,JOB-2-1-2-1-3-04,JOB-2-1-2-1-3-04,2.1.2.1.3,2.1.2.1.3,CLINICAL ASPECTS OF EMS MEDICINE,,Bag-valve-mask ventilation,BVM Complication And Cricoid Pressure,second50_qi_review,20260705_second50_qi_review,84,False,voting
221,EMS2026-4-7-5-03,JOB-4-7-5-03,JOB-4-7-5-03,4.7.5,4.7.5,DISASTER MANAGEMENT AND SPECIAL OPERATIONS,,"Personnel education, certification, and credentialing",MIH Competency Evaluation,second50_qi_review,20260705_second50_qi_review,85,False,voting
222,EMS2026-2-3-13-1-3-02,JOB-2-3-13-1-3-02,JOB-2-3-13-1-3-02,2.3.13.1.3,2.3.13.1.3,CLINICAL ASPECTS OF EMS MEDICINE,MEDICAL EMERGENCIES,Protection from injury vs. re-warming,Gentle Handling In Moderate Hypothermia,paramedic_next_action_50,20260706_paramedic_next_action_50,37,True,voting
223,EMS2026-2-3-8-4-05,JOB-2-3-8-4-05,JOB-2-3-8-4-05,2.3.8.4,2.3.8.4,CLINICAL ASPECTS OF EMS MEDICINE,,Caustic substance ingestion (including airway management),Caustic Ingestion Oral Exam Trap,second50_qi_review,20260705_second50_qi_review,86,False,voting
224,EMS2026-1-1-1-2-1-06,JOB-1-1-1-2-1-06,JOB-1-1-1-2-1-06,1.1.1.2.1,1.1.1.2.1,MEDICAL OVERSIGHT OF EMS,,Development of medical protocols,Protocol Rollout Quality Loop,second50_qi_review,20260705_second50_qi_review,87,False,voting
225,EMS2026-3-2-1-5-03,JOB-3-2-1-5-03,JOB-3-2-1-5-03,3.2.1.5,3.2.1.5,QUALITY MANAGEMENT AND RESEARCH,,Human subjects research and vulnerable populations,EFIC Eligibility Boundary,second50_qi_review,20260705_second50_qi_review,88,False,voting
226,EMS2026-1-1-2-3-06,JOB-1-1-2-3-06,JOB-1-1-2-3-06,1.1.2.3,1.1.2.3,MEDICAL OVERSIGHT OF EMS,,Determination and/or pronouncement of death,POLST Across Settings,second50_qi_review,20260705_second50_qi_review,89,False,voting
227,EMS2026-2-3-2-2-1-02,JOB-2-3-2-2-1-02,JOB-2-3-2-2-1-02,2.3.2.2.1,2.3.2.2.1,CLINICAL ASPECTS OF EMS MEDICINE,,Field identification of heart failure (acute or chronic),Volume-Overload Heart Failure Pattern,second50_qi_review,20260705_second50_qi_review,90,False,voting
228,EMS2026-2-3-13-2-1-03,JOB-2-3-13-2-1-03,JOB-2-3-13-2-1-03,2.3.13.2.1,2.3.13.2.1,CLINICAL ASPECTS OF EMS MEDICINE,MEDICAL EMERGENCIES,Exertional heat stroke,Cool First In Exertional Heat Stroke,paramedic_next_action_50,20260706_paramedic_next_action_50,38,True,voting
229,EMS2026-1-1-2-2-09,JOB-1-1-2-2-09,JOB-1-1-2-2-09,1.1.2.2,1.1.2.2,MEDICAL OVERSIGHT OF EMS,,Mandatory reporting,Human Trafficking Training Package,second50_qi_review,20260705_second50_qi_review,91,False,voting
230,EMS2026-2-3-7-6-01,JOB-2-3-7-6-01,JOB-2-3-7-6-01,2.3.7.6,2.3.7.6,CLINICAL ASPECTS OF EMS MEDICINE,,Trauma in pregnancy,Pregnant Trauma Monitoring Destination,second50_qi_review,20260705_second50_qi_review,92,False,voting
231,EMS2026-2-2-1-6-01,JOB-2-2-1-6-01,JOB-2-2-1-6-01,2.2.1.6,2.2.1.6,CLINICAL ASPECTS OF EMS MEDICINE,,Wound care management,Open Pneumothorax Dressing Choice,second50_qi_review,20260705_second50_qi_review,93,False,voting
232,EMS2026-3-2-2-08,JOB-3-2-2-08,JOB-3-2-2-08,3.2.2,3.2.2,QUALITY MANAGEMENT AND RESEARCH,,Epidemiology,Cohort Study Direction,second50_qi_review,20260705_second50_qi_review,94,False,voting
233,EMS2026-4-1-1-1-03,JOB-4-1-1-1-03,JOB-4-1-1-1-03,4.1.1.1,4.1.1.1,DISASTER MANAGEMENT AND SPECIAL OPERATIONS,,IS-800,ESF 8 Scope,second50_qi_review,20260705_second50_qi_review,95,False,voting
234,EMS2026-2-3-13-4-1-03,JOB-2-3-13-4-1-03,JOB-2-3-13-4-1-03,2.3.13.4.1,2.3.13.4.1,CLINICAL ASPECTS OF EMS MEDICINE,MEDICAL EMERGENCIES,Initial management in water,Ventilation Priority In Drowning Arrest,paramedic_next_action_50,20260706_paramedic_next_action_50,39,True,voting
235,EMS2026-3-2-4-4-02,JOB-3-2-4-4-02,JOB-3-2-4-4-02,3.2.4.4,3.2.4.4,QUALITY MANAGEMENT AND RESEARCH,,"Reporting guidelines (e.g., PRISMA, CONSORT, STROBE)",CONSORT For Randomized Trials,second50_qi_review,20260705_second50_qi_review,96,False,voting
236,EMS2026-4-7-4-02,JOB-4-7-4-02,JOB-4-7-4-02,4.7.4,4.7.4,DISASTER MANAGEMENT AND SPECIAL OPERATIONS,,Medical oversight models,MIH Regulation Without Stifling Innovation,second50_qi_review,20260705_second50_qi_review,97,False,voting
237,EMS2026-1-2-5-12-01,JOB-1-2-5-12-01,JOB-1-2-5-12-01,1.2.5.12,1.2.5.12,MEDICAL OVERSIGHT OF EMS,,"Airline, cruise ship, and resort medical support",In-Flight Chest Pain Coordination,second50_qi_review,20260705_second50_qi_review,98,False,voting
238,EMS2026-1-1-1-3-05,JOB-1-1-1-3-05,JOB-1-1-1-3-05,1.1.1.3,1.1.1.3,MEDICAL OVERSIGHT OF EMS,,Assessment of personnel competence and fitness for duty (initial and continued),Low-Frequency High-Risk Skill Maintenance,second50_qi_review,20260705_second50_qi_review,99,False,voting
239,EMS2026-1-1-1-3-04,JOB-1-1-1-3-04,JOB-1-1-1-3-04,1.1.1.3,1.1.1.3,MEDICAL OVERSIGHT OF EMS,,Assessment of personnel competence and fitness for duty (initial and continued),Competency Review Interval,second50_qi_review,20260705_second50_qi_review,100,False,voting
240,EMS2026-2-4-5-1-03,JOB-2-4-5-1-03,JOB-2-4-5-1-03,2.4.5.1,2.4.5.1,CLINICAL ASPECTS OF EMS MEDICINE,SPECIAL CLINICAL CONSIDERATIONS,Pediatric airway management,Croup Treatment Without Agitation,paramedic_next_action_50,20260706_paramedic_next_action_50,40,True,voting
241,EMS2026-4-1-7-2-2-04,JOB-4-1-7-2-2-04,JOB-4-1-7-2-2-04,4.1.7.2.2,4.1.7.2.2,DISASTER MANAGEMENT AND SPECIAL OPERATIONS,DISASTER MANAGEMENT,Patient reunification,Early Redundant Tracking For Family Reunification,uncovered50_v3_source_hardened,uncovered50_v3_source_hardened_20260705,1,False,voting
242,EMS2026-1-2-4-1-05,JOB-1-2-4-1-05,JOB-1-2-4-1-05,1.2.4.1,1.2.4.1,MEDICAL OVERSIGHT OF EMS,EMS SYSTEMS,Response and transport vehicles,Vehicle Capability Versus Ambulance Count,uncovered50_v3_source_hardened,uncovered50_v3_source_hardened_20260705,2,False,voting
243,EMS2026-3-1-2-4-05,JOB-3-1-2-4-05,JOB-3-1-2-4-05,3.1.2.4,3.1.2.4,QUALITY MANAGEMENT AND RESEARCH,QUALITY MANAGEMENT,Just culture,Just Culture Versus Disciplinary Contamination,uncovered50_v3_source_hardened,uncovered50_v3_source_hardened_20260705,3,False,voting
244,EMS2026-4-1-6-4-04,JOB-4-1-6-4-04,JOB-4-1-6-4-04,4.1.6.4,4.1.6.4,DISASTER MANAGEMENT AND SPECIAL OPERATIONS,DISASTER MANAGEMENT,Regional Medical Operations Coordination Centers,Regional Resource Request Spillover,uncovered50_v3_source_hardened,uncovered50_v3_source_hardened_20260705,4,False,voting
245,EMS2026-1-4-4-4-04,JOB-1-4-4-4-04,JOB-1-4-4-4-04,1.4.4.4,1.4.4.4,MEDICAL OVERSIGHT OF EMS,EMS SYSTEM MANAGEMENT,Hospital diversion and bypass,Diversion Policy With Regional Harm Signal,uncovered50_v3_source_hardened,uncovered50_v3_source_hardened_20260705,5,False,voting
246,EMS2026-2-4-5-4-03,JOB-2-4-5-4-03,JOB-2-4-5-4-03,2.4.5.4,2.4.5.4,CLINICAL ASPECTS OF EMS MEDICINE,SPECIAL CLINICAL CONSIDERATIONS,Unique issues related to consent,Concerning Pediatric Refusal,paramedic_next_action_50,20260706_paramedic_next_action_50,41,True,voting
247,EMS2026-1-1-1-1-2-05,JOB-1-1-1-1-2-05,JOB-1-1-1-1-2-05,1.1.1.1.2,1.1.1.1.2,MEDICAL OVERSIGHT OF EMS,MEDICAL OVERSIGHT,Physician directed care by radio or phone,Online Orders Within A Written Exception Pathway,uncovered50_v3_source_hardened,uncovered50_v3_source_hardened_20260705,6,False,voting
248,EMS2026-2-3-11-5-2-02,JOB-2-3-11-5-2-02,JOB-2-3-11-5-2-02,2.3.11.5.2,2.3.11.5.2,CLINICAL ASPECTS OF EMS MEDICINE,MEDICAL EMERGENCIES,Standard precautions,Task-Based Personal Protective Equipment,uncovered50_v3_source_hardened,uncovered50_v3_source_hardened_20260705,7,False,voting
249,EMS2026-3-1-3-1-2-05,JOB-3-1-3-1-2-05,JOB-3-1-3-1-2-05,3.1.3.1.2,3.1.3.1.2,QUALITY MANAGEMENT AND RESEARCH,QUALITY MANAGEMENT,Graphic display tools (run chart and control chart),Control Chart Versus Run Chart After Intervention,uncovered50_v3_source_hardened,uncovered50_v3_source_hardened_20260705,8,False,voting
250,EMS2026-1-2-2-3-05,JOB-1-2-2-3-05,JOB-1-2-2-3-05,1.2.2.3,1.2.2.3,MEDICAL OVERSIGHT OF EMS,EMS SYSTEMS,Tiered response,Determinants That Matter Only If Response Changes,uncovered50_v3_source_hardened,uncovered50_v3_source_hardened_20260705,9,False,voting
251,EMS2026-4-1-2-1-05,JOB-4-1-2-1-05,JOB-4-1-2-1-05,4.1.2.1,4.1.2.1,DISASTER MANAGEMENT AND SPECIAL OPERATIONS,DISASTER MANAGEMENT,IS-700,NIMS Component Behind The Information Failure,uncovered50_v3_source_hardened,uncovered50_v3_source_hardened_20260705,10,False,voting
252,EMS2026-2-4-5-7-03,JOB-2-4-5-7-03,JOB-2-4-5-7-03,2.4.5.7,2.4.5.7,CLINICAL ASPECTS OF EMS MEDICINE,SPECIAL CLINICAL CONSIDERATIONS,Safe transport of pediatric patients,Safe Pediatric Ambulance Restraint,paramedic_next_action_50,20260706_paramedic_next_action_50,42,True,voting
253,EMS2026-2-2-2-1-05,JOB-2-2-2-1-05,JOB-2-2-2-1-05,2.2.2.1,2.2.2.1,CLINICAL ASPECTS OF EMS MEDICINE,TRAUMA,"Thoracostomy (including needle, simple, or tube)",Finger Thoracostomy Program Boundaries,uncovered50_v3_source_hardened,uncovered50_v3_source_hardened_20260705,11,False,voting
254,EMS2026-2-3-12-1-2-04,JOB-2-3-12-1-2-04,JOB-2-3-12-1-2-04,2.3.12.1.2,2.3.12.1.2,CLINICAL ASPECTS OF EMS MEDICINE,MEDICAL EMERGENCIES,Psychosis,Psychosis De-Escalation With Safety Boundary,uncovered50_v3_source_hardened,uncovered50_v3_source_hardened_20260705,12,False,voting
255,EMS2026-2-3-5-4-01,JOB-2-3-5-4-01,JOB-2-3-5-4-01,2.3.5.4,2.3.5.4,CLINICAL ASPECTS OF EMS MEDICINE,MEDICAL EMERGENCIES,Insulin pumps,Insulin Pump And Route-Specific Hypoglycemia Care,uncovered50_v3_source_hardened,uncovered50_v3_source_hardened_20260705,13,False,voting
256,EMS2026-2-2-3-2-04,JOB-2-2-3-2-04,JOB-2-2-3-2-04,2.2.3.2,2.2.3.2,CLINICAL ASPECTS OF EMS MEDICINE,TRAUMA,Application of backboard as extrication device,Active Extrication Boundary For Spinal Motion Devices,uncovered50_v3_source_hardened,uncovered50_v3_source_hardened_20260705,14,False,voting
257,EMS2026-1-1-2-6-05,JOB-1-1-2-6-05,JOB-1-1-2-6-05,1.1.2.6,1.1.2.6,MEDICAL OVERSIGHT OF EMS,MEDICAL OVERSIGHT,Due process,Due Process Thresholds After Practice Restriction,uncovered50_v3_source_hardened,uncovered50_v3_source_hardened_20260705,15,False,voting
258,EMS2026-2-4-6-1-03,JOB-2-4-6-1-03,JOB-2-4-6-1-03,2.4.6.1,2.4.6.1,CLINICAL ASPECTS OF EMS MEDICINE,SPECIAL CLINICAL CONSIDERATIONS,"Geriatric trauma (e.g., falls)",Geriatric Head Injury Undertriage,paramedic_next_action_50,20260706_paramedic_next_action_50,43,True,voting
259,EMS2026-1-1-1-1-3-04,JOB-1-1-1-1-3-04,JOB-1-1-1-1-3-04,1.1.1.1.3,1.1.1.1.3,MEDICAL OVERSIGHT OF EMS,MEDICAL OVERSIGHT,Physician directed care in person,Physician Field Supervision Without Role Confusion,uncovered50_v3_source_hardened,uncovered50_v3_source_hardened_20260705,16,False,voting
260,EMS2026-4-1-6-1-04,JOB-4-1-6-1-04,JOB-4-1-6-1-04,4.1.6.1,4.1.6.1,DISASTER MANAGEMENT AND SPECIAL OPERATIONS,DISASTER MANAGEMENT,Allocation of scene resources,Likelihood Of Benefit In Scarce Antidote Allocation,uncovered50_v3_source_hardened,uncovered50_v3_source_hardened_20260705,17,False,voting
261,EMS2026-2-1-2-6-02,JOB-2-1-2-6-02,JOB-2-1-2-6-02,2.1.2.6,2.1.2.6,CLINICAL ASPECTS OF EMS MEDICINE,RESUSCITATION,Control of post-tonsillectomy hemorrhage,Controlled Pressure For Post-Tonsillectomy Bleeding,uncovered50_v3_source_hardened,uncovered50_v3_source_hardened_20260705,18,False,voting
262,EMS2026-4-1-5-3-04,JOB-4-1-5-3-04,JOB-4-1-5-3-04,4.1.5.3,4.1.5.3,DISASTER MANAGEMENT AND SPECIAL OPERATIONS,DISASTER MANAGEMENT,Non-governmental agencies,NGO Mass-Care Role Versus Medical Assets,uncovered50_v3_source_hardened,uncovered50_v3_source_hardened_20260705,19,False,voting
263,EMS2026-2-3-7-1-5-01,JOB-2-3-7-1-5-01,JOB-2-3-7-1-5-01,2.3.7.1.5,2.3.7.1.5,CLINICAL ASPECTS OF EMS MEDICINE,MEDICAL EMERGENCIES,Spontaneous or threatened abortion,First-Trimester Bleeding With Shock,uncovered50_v3_source_hardened,uncovered50_v3_source_hardened_20260705,20,False,voting
264,EMS2026-2-4-6-3-04,JOB-2-4-6-3-04,JOB-2-4-6-3-04,2.4.6.3,2.4.6.3,CLINICAL ASPECTS OF EMS MEDICINE,SPECIAL CLINICAL CONSIDERATIONS,Dementia or delirium,Acute Delirium In Dementia,paramedic_next_action_50,20260706_paramedic_next_action_50,44,True,voting
265,EMS2026-3-1-3-1-1-05,JOB-3-1-3-1-1-05,JOB-3-1-3-1-1-05,3.1.3.1.1,3.1.3.1.1,QUALITY MANAGEMENT AND RESEARCH,QUALITY MANAGEMENT,Causal tools (fishbone and driver diagram),Driver Diagram Parts After Fishbone Work,uncovered50_v3_source_hardened,uncovered50_v3_source_hardened_20260705,21,False,voting
266,EMS2026-1-4-7-07,JOB-1-4-7-07,JOB-1-4-7-07,1.4.7,1.4.7,MEDICAL OVERSIGHT OF EMS,EMS SYSTEM MANAGEMENT,Navigation to Healthcare Resources,Choosing The MIH Model For Senior Housing,uncovered50_v3_source_hardened,uncovered50_v3_source_hardened_20260705,22,False,voting
267,EMS2026-1-1-1-4-07,JOB-1-1-1-4-07,JOB-1-1-1-4-07,1.1.1.4,1.1.1.4,MEDICAL OVERSIGHT OF EMS,MEDICAL OVERSIGHT,Medical director qualifications,Medical Director Role Boundary And Authority,uncovered50_v3_source_hardened,uncovered50_v3_source_hardened_20260705,23,False,voting
268,EMS2026-2-1-2-5-03,JOB-2-1-2-5-03,JOB-2-1-2-5-03,2.1.2.5,2.1.2.5,CLINICAL ASPECTS OF EMS MEDICINE,RESUSCITATION,Tracheostomy complications,Ventilating A Tracheostomy Patient From Above,uncovered50_v3_source_hardened,uncovered50_v3_source_hardened_20260705,24,False,voting
269,EMS2026-1-1-1-1-4-04,JOB-1-1-1-1-4-04,JOB-1-1-1-1-4-04,1.1.1.1.4,1.1.1.1.4,MEDICAL OVERSIGHT OF EMS,MEDICAL OVERSIGHT,Telemedicine,Telemedicine For A High-Risk Refusal,uncovered50_v3_source_hardened,uncovered50_v3_source_hardened_20260705,25,False,voting
270,EMS2026-2-4-7-2-02,JOB-2-4-7-2-02,JOB-2-4-7-2-02,2.4.7.2,2.4.7.2,CLINICAL ASPECTS OF EMS MEDICINE,SPECIAL CLINICAL CONSIDERATIONS,Procedure challenges,Bariatric Respiratory Positioning,paramedic_next_action_50,20260706_paramedic_next_action_50,45,True,voting
271,EMS2026-2-2-1-4-1-03,JOB-2-2-1-4-1-03,JOB-2-2-1-4-1-03,2.2.1.4.1,2.2.1.4.1,CLINICAL ASPECTS OF EMS MEDICINE,TRAUMA,Motor vehicle collisions,Motorcycle Mechanism At The Triage Margin,uncovered50_v3_source_hardened,uncovered50_v3_source_hardened_20260705,26,False,voting
272,EMS2026-2-1-2-2-5-04,JOB-2-1-2-2-5-04,JOB-2-1-2-2-5-04,2.1.2.2.5,2.1.2.2.5,CLINICAL ASPECTS OF EMS MEDICINE,RESUSCITATION,Drug assisted airway management,Sedation-Only Intubation Proposal,uncovered50_v3_source_hardened,uncovered50_v3_source_hardened_20260705,27,False,voting
273,EMS2026-1-2-1-07,JOB-1-2-1-07,JOB-1-2-1-07,1.2.1,1.2.1,MEDICAL OVERSIGHT OF EMS,EMS SYSTEMS,Public Safety Answering Points,All-Caller Interrogation Before Chief-Complaint Script,uncovered50_v3_source_hardened,uncovered50_v3_source_hardened_20260705,28,False,voting
274,EMS2026-3-1-4-3-05,JOB-3-1-4-3-05,JOB-3-1-4-3-05,3.1.4.3,3.1.4.3,QUALITY MANAGEMENT AND RESEARCH,QUALITY MANAGEMENT,Performance measures,Outcome Linkage Versus Event Metrics,uncovered50_v3_source_hardened,uncovered50_v3_source_hardened_20260705,29,False,voting
275,EMS2026-1-2-3-07,JOB-1-2-3-07,JOB-1-2-3-07,1.2.3,1.2.3,MEDICAL OVERSIGHT OF EMS,EMS SYSTEMS,Use of Lights and Siren,Lights-And-Siren Reassessment With Wake-Effect Risk,uncovered50_v3_source_hardened,uncovered50_v3_source_hardened_20260705,30,False,voting
276,EMS2026-2-4-8-1-03,JOB-2-4-8-1-03,JOB-2-4-8-1-03,2.4.8.1,2.4.8.1,CLINICAL ASPECTS OF EMS MEDICINE,SPECIAL CLINICAL CONSIDERATIONS,Hospice care,Hospice Dyspnea Goals Of Care,paramedic_next_action_50,20260706_paramedic_next_action_50,46,True,voting
277,EMS2026-2-1-1-3-04,JOB-2-1-1-3-04,JOB-2-1-1-3-04,2.1.1.3,2.1.1.3,CLINICAL ASPECTS OF EMS MEDICINE,RESUSCITATION,Post-resuscitation care,Post-ROSC Cold Saline Trap,uncovered50_v3_source_hardened,uncovered50_v3_source_hardened_20260705,31,False,voting
278,EMS2026-1-2-2-2-05,JOB-1-2-2-2-05,JOB-1-2-2-2-05,1.2.2.2,1.2.2.2,MEDICAL OVERSIGHT OF EMS,EMS SYSTEMS,"Prioritization of response (e.g., determining local needs based on local resources)","Same Dispatch Code, Different Local Response",uncovered50_v3_source_hardened,uncovered50_v3_source_hardened_20260705,32,False,voting
279,EMS2026-1-1-2-4-1-05,JOB-1-1-2-4-1-05,JOB-1-1-2-4-1-05,1.1.2.4.1,1.1.2.4.1,MEDICAL OVERSIGHT OF EMS,MEDICAL OVERSIGHT,Informed consent and informed refusal,Meaningful Online Oversight For Refusal,uncovered50_v3_source_hardened,uncovered50_v3_source_hardened_20260705,33,False,voting
280,EMS2026-2-1-2-1-2-04,JOB-2-1-2-1-2-04,JOB-2-1-2-1-2-04,2.1.2.1.2,2.1.2.1.2,CLINICAL ASPECTS OF EMS MEDICINE,RESUSCITATION,Oropharyngeal and nasopharyngeal airways,Oxygen Saturation Is Not Ventilation,uncovered50_v3_source_hardened,uncovered50_v3_source_hardened_20260705,34,False,voting
281,EMS2026-2-1-2-2-2-04,JOB-2-1-2-2-2-04,JOB-2-1-2-2-2-04,2.1.2.2.2,2.1.2.2.2,CLINICAL ASPECTS OF EMS MEDICINE,RESUSCITATION,Airway management adjuncts,Airway Quality Measures Beyond Success,uncovered50_v3_source_hardened,uncovered50_v3_source_hardened_20260705,35,False,voting
282,EMS2026-2-4-9-2-02,JOB-2-4-9-2-02,JOB-2-4-9-2-02,2.4.9.2,2.4.9.2,CLINICAL ASPECTS OF EMS MEDICINE,SPECIAL CLINICAL CONSIDERATIONS,Family centered care,Caregiver Input For Home Ventilator Alarm,paramedic_next_action_50,20260706_paramedic_next_action_50,47,True,voting
283,EMS2026-1-2-2-1-05,JOB-1-2-2-1-05,JOB-1-2-2-1-05,1.2.2.1,1.2.2.1,MEDICAL OVERSIGHT OF EMS,EMS SYSTEMS,Pre-arrival instructions,Agonal Breathing As A Dispatch Failure Mode,uncovered50_v3_source_hardened,uncovered50_v3_source_hardened_20260705,36,False,voting
284,EMS2026-2-4-4-1-06,JOB-2-4-4-1-06,JOB-2-4-4-1-06,2.4.4.1,2.4.4.1,CLINICAL ASPECTS OF EMS MEDICINE,SPECIAL CLINICAL CONSIDERATIONS,Effect of altitude on patient management,Fixed-Wing Motion And Fracture Pain,uncovered50_v3_source_hardened,uncovered50_v3_source_hardened_20260705,37,False,voting
285,EMS2026-4-1-5-2-04,JOB-4-1-5-2-04,JOB-4-1-5-2-04,4.1.5.2,4.1.5.2,DISASTER MANAGEMENT AND SPECIAL OPERATIONS,DISASTER MANAGEMENT,Specialized teams,Title 32 Civil Support Team Command Status,uncovered50_v3_source_hardened,uncovered50_v3_source_hardened_20260705,38,False,voting
286,EMS2026-4-1-7-3-1-04,JOB-4-1-7-3-1-04,JOB-4-1-7-3-1-04,4.1.7.3.1,4.1.7.3.1,DISASTER MANAGEMENT AND SPECIAL OPERATIONS,DISASTER MANAGEMENT,Transport modes,Nontraditional Transport For Walking Wounded,uncovered50_v3_source_hardened,uncovered50_v3_source_hardened_20260705,39,False,voting
287,EMS2026-2-3-4-1-07,JOB-2-3-4-1-07,JOB-2-3-4-1-07,2.3.4.1,2.3.4.1,CLINICAL ASPECTS OF EMS MEDICINE,MEDICAL EMERGENCIES,Gastrointestinal hemorrhage,Antithrombotic Detail In Bleeding Handoff,uncovered50_v3_source_hardened,uncovered50_v3_source_hardened_20260705,40,False,voting
288,EMS2026-2-4-9-3-02,JOB-2-4-9-3-02,JOB-2-4-9-3-02,2.4.9.3,2.4.9.3,CLINICAL ASPECTS OF EMS MEDICINE,SPECIAL CLINICAL CONSIDERATIONS,Management of bystanders while caring for patient,Bystander History During Ongoing Care,paramedic_next_action_50,20260706_paramedic_next_action_50,48,True,voting
289,EMS2026-2-3-4-2-02,JOB-2-3-4-2-02,JOB-2-3-4-2-02,2.3.4.2,2.3.4.2,CLINICAL ASPECTS OF EMS MEDICINE,MEDICAL EMERGENCIES,Gastrointestinal tube displacement,Jejunal Feeding Port Implication,uncovered50_v3_source_hardened,uncovered50_v3_source_hardened_20260705,41,False,voting
290,EMS2026-2-1-1-1-04,JOB-2-1-1-1-04,JOB-2-1-1-1-04,2.1.1.1,2.1.1.1,CLINICAL ASPECTS OF EMS MEDICINE,RESUSCITATION,General management and field resuscitation,Compression Pauses On Defibrillator Review,uncovered50_v3_source_hardened,uncovered50_v3_source_hardened_20260705,42,False,voting
291,EMS2026-3-1-4-2-05,JOB-3-1-4-2-05,JOB-3-1-4-2-05,3.1.4.2,3.1.4.2,QUALITY MANAGEMENT AND RESEARCH,QUALITY MANAGEMENT,Information system design,ePCR Architecture And Workflow Burden,uncovered50_v3_source_hardened,uncovered50_v3_source_hardened_20260705,43,False,voting
292,EMS2026-2-1-2-3-04,JOB-2-1-2-3-04,JOB-2-1-2-3-04,2.1.2.3,2.1.2.3,CLINICAL ASPECTS OF EMS MEDICINE,RESUSCITATION,"Airway management in challenging conditions (e.g., low light, atypical position)",Low-Light Airway Failure As Readiness Failure,uncovered50_v3_source_hardened,uncovered50_v3_source_hardened_20260705,44,False,voting
293,EMS2026-4-1-5-1-04,JOB-4-1-5-1-04,JOB-4-1-5-1-04,4.1.5.1,4.1.5.1,DISASTER MANAGEMENT AND SPECIAL OPERATIONS,DISASTER MANAGEMENT,National Disaster Medical System (NDMS),NDMS Patient Movement Through A Federal Coordinating Center,uncovered50_v3_source_hardened,uncovered50_v3_source_hardened_20260705,45,False,voting
294,EMS2026-2-3-9-5-02,JOB-2-3-9-5-02,JOB-2-3-9-5-02,2.3.9.5,2.3.9.5,CLINICAL ASPECTS OF EMS MEDICINE,MEDICAL EMERGENCIES,Explosive/Blast,Blast Scene Secondary-Device Safety,paramedic_next_action_50,20260706_paramedic_next_action_50,49,True,voting
295,EMS2026-1-4-3-1-05,JOB-1-4-3-1-05,JOB-1-4-3-1-05,1.4.3.1,1.4.3.1,MEDICAL OVERSIGHT OF EMS,EMS SYSTEM MANAGEMENT,Working with government and public health agencies,BLS Oversight When State Authority Is Silent,uncovered50_v3_source_hardened,uncovered50_v3_source_hardened_20260705,46,False,voting
296,EMS2026-4-1-6-5-04,JOB-4-1-6-5-04,JOB-4-1-6-5-04,4.1.6.5,4.1.6.5,DISASTER MANAGEMENT AND SPECIAL OPERATIONS,DISASTER MANAGEMENT,Alternate care facilities,Alternate Care Facility Authority And Credentialing,uncovered50_v3_source_hardened,uncovered50_v3_source_hardened_20260705,47,False,voting
297,EMS2026-4-1-5-4-04,JOB-4-1-5-4-04,JOB-4-1-5-4-04,4.1.5.4,4.1.5.4,DISASTER MANAGEMENT AND SPECIAL OPERATIONS,DISASTER MANAGEMENT,Medical Reserve Corps,MRC Integration Versus Walk-In Volunteers,uncovered50_v3_source_hardened,uncovered50_v3_source_hardened_20260705,48,False,voting
298,EMS2026-2-1-1-5-04,JOB-2-1-1-5-04,JOB-2-1-1-5-04,2.1.1.5,2.1.1.5,CLINICAL ASPECTS OF EMS MEDICINE,RESUSCITATION,Mechanical CPR and real-time feedback devices,Mechanical CPR At A Staffed Arrest,uncovered50_v3_source_hardened,uncovered50_v3_source_hardened_20260705,49,False,voting
299,EMS2026-2-1-2-2-7-04,JOB-2-1-2-2-7-04,JOB-2-1-2-2-7-04,2.1.2.2.7,2.1.2.2.7,CLINICAL ASPECTS OF EMS MEDICINE,RESUSCITATION,Nasal intubation,Maintaining Nasotracheal Intubation In Scope,uncovered50_v3_source_hardened,uncovered50_v3_source_hardened_20260705,50,False,voting
300,EMS2026-2-3-11-3-4-02,JOB-2-3-11-3-4-02,JOB-2-3-11-3-4-02,2.3.11.3.4,2.3.11.3.4,CLINICAL ASPECTS OF EMS MEDICINE,MEDICAL EMERGENCIES,MPox,Suspected MPox Source Control,paramedic_next_action_50,20260706_paramedic_next_action_50,50,True,voting
